rang;portal;unterbereich_nr;unterbereich;slug_vorschlag;benoetigt_detailkonzept;benoetigt_einzeldossier;benoetigt_online_detailkonzept;benoetigt_online_dossier;downloadpflicht;politische_anschlussfaehigkeit;sdg_sdgplus_bezug;toolbezug;status_alt;status_neu
0;SDG-/SDG+-Referenzrahmen;1;SDGs und Agenda 2030 als globaler Referenzrahmen;sdgs-und-agenda-2030-als-globaler-referenzrahmen;ja - umfangreich neu/ersetzt Kurzfassung;ja - umfangreich neu/ersetzt Kurzfassung;ja - Volltext;ja - Volltext;DOCX, optional PDF;Pflicht;Pflicht;Pflicht falls Tool existiert/ geplant;zu auditieren;offen
0;SDG-/SDG+-Referenzrahmen;2;Geschichte der SDGs, Vorlaeufer und Verhandlungsprozess;geschichte-der-sdgs-vorlaeufer-und-verhandlungsprozess;ja - umfangreich neu/ersetzt Kurzfassung;ja - umfangreich neu/ersetzt Kurzfassung;ja - Volltext;ja - Volltext;DOCX, optional PDF;Pflicht;Pflicht;Pflicht falls Tool existiert/ geplant;zu auditieren;offen
0;SDG-/SDG+-Referenzrahmen;3;SDG+ als Erweiterung der Wirkungsökonomie;sdg-als-erweiterung-der-wirkungsoekonomie;ja - umfangreich neu/ersetzt Kurzfassung;ja - umfangreich neu/ersetzt Kurzfassung;ja - Volltext;ja - Volltext;DOCX, optional PDF;Pflicht;Pflicht;Pflicht falls Tool existiert/ geplant;zu auditieren;offen
0;SDG-/SDG+-Referenzrahmen;4;SDG-Unterziele global, Europa und Deutschland;sdg-unterziele-global-europa-und-deutschland;ja - umfangreich neu/ersetzt Kurzfassung;ja - umfangreich neu/ersetzt Kurzfassung;ja - Volltext;ja - Volltext;DOCX, optional PDF;Pflicht;Pflicht;Pflicht falls Tool existiert/ geplant;zu auditieren;offen
0;SDG-/SDG+-Referenzrahmen;5;SDG-/SDG+-Indikatoren und WÖk-ID-Bezug;sdg--sdg--indikatoren-und-woek-id-bezug;ja - umfangreich neu/ersetzt Kurzfassung;ja - umfangreich neu/ersetzt Kurzfassung;ja - Volltext;ja - Volltext;DOCX, optional PDF;Pflicht;Pflicht;Pflicht falls Tool existiert/ geplant;zu auditieren;offen
0;SDG-/SDG+-Referenzrahmen;6;SDGs als Risikomanagement und Finanzmarkt-Anschluss;sdgs-als-risikomanagement-und-finanzmarkt-anschluss;ja - umfangreich neu/ersetzt Kurzfassung;ja - umfangreich neu/ersetzt Kurzfassung;ja - Volltext;ja - Volltext;DOCX, optional PDF;Pflicht;Pflicht;Pflicht falls Tool existiert/ geplant;zu auditieren;offen
0;SDG-/SDG+-Referenzrahmen;7;SDG+ Demokratie;sdg-demokratie;ja - umfangreich neu/ersetzt Kurzfassung;ja - umfangreich neu/ersetzt Kurzfassung;ja - Volltext;ja - Volltext;DOCX, optional PDF;Pflicht;Pflicht;Pflicht falls Tool existiert/ geplant;zu auditieren;offen
0;SDG-/SDG+-Referenzrahmen;8;SDG+ Medienqualität;sdg-medienqualitaet;ja - umfangreich neu/ersetzt Kurzfassung;ja - umfangreich neu/ersetzt Kurzfassung;ja - Volltext;ja - Volltext;DOCX, optional PDF;Pflicht;Pflicht;Pflicht falls Tool existiert/ geplant;zu auditieren;offen
0;SDG-/SDG+-Referenzrahmen;9;SDG+ Rechtsstaatlichkeit und Diskursfähigkeit;sdg-rechtsstaatlichkeit-und-diskursfaehigkeit;ja - umfangreich neu/ersetzt Kurzfassung;ja - umfangreich neu/ersetzt Kurzfassung;ja - Volltext;ja - Volltext;DOCX, optional PDF;Pflicht;Pflicht;Pflicht falls Tool existiert/ geplant;zu auditieren;offen
0;SDG-/SDG+-Referenzrahmen;10;SDG+ institutionelles Vertrauen und Zusammenhalt;sdg-institutionelles-vertrauen-und-zusammenhalt;ja - umfangreich neu/ersetzt Kurzfassung;ja - umfangreich neu/ersetzt Kurzfassung;ja - Volltext;ja - Volltext;DOCX, optional PDF;Pflicht;Pflicht;Pflicht falls Tool existiert/ geplant;zu auditieren;offen
0;SDG-/SDG+-Referenzrahmen;11;SDG+ digitale Selbstbestimmung;sdg-digitale-selbstbestimmung;ja - umfangreich neu/ersetzt Kurzfassung;ja - umfangreich neu/ersetzt Kurzfassung;ja - Volltext;ja - Volltext;DOCX, optional PDF;Pflicht;Pflicht;Pflicht falls Tool existiert/ geplant;zu auditieren;offen
0;SDG-/SDG+-Referenzrahmen;12;Glossar- und Referenzrahmen-Integration;glossar--und-referenzrahmen-integration;ja - umfangreich neu/ersetzt Kurzfassung;ja - umfangreich neu/ersetzt Kurzfassung;ja - Volltext;ja - Volltext;DOCX, optional PDF;Pflicht;Pflicht;Pflicht falls Tool existiert/ geplant;zu auditieren;offen
1;Produkte & Konsum / Wirkungsumsatzsteuer;1;Produkte als Wirkungsträger;produkte-als-wirkungstraeger;ja - umfangreich neu/ersetzt Kurzfassung;ja - umfangreich neu/ersetzt Kurzfassung;ja - Volltext;ja - Volltext;DOCX, optional PDF;Pflicht;Pflicht;Pflicht falls Tool existiert/ geplant;zu auditieren;offen
1;Produkte & Konsum / Wirkungsumsatzsteuer;2;Produktbesteuerung durch Wirkung;produktbesteuerung-durch-wirkung;ja - umfangreich neu/ersetzt Kurzfassung;ja - umfangreich neu/ersetzt Kurzfassung;ja - Volltext;ja - Volltext;DOCX, optional PDF;Pflicht;Pflicht;Pflicht falls Tool existiert/ geplant;zu auditieren;offen
1;Produkte & Konsum / Wirkungsumsatzsteuer;3;Wirkungsumsatzsteuer WUStG;wirkungsumsatzsteuer-wustg;ja - umfangreich neu/ersetzt Kurzfassung;ja - umfangreich neu/ersetzt Kurzfassung;ja - Volltext;ja - Volltext;DOCX, optional PDF;Pflicht;Pflicht;Pflicht falls Tool existiert/ geplant;zu auditieren;offen
1;Produkte & Konsum / Wirkungsumsatzsteuer;4;Apfelbeispiel und Preiswirkung;apfelbeispiel-und-preiswirkung;ja - umfangreich neu/ersetzt Kurzfassung;ja - umfangreich neu/ersetzt Kurzfassung;ja - Volltext;ja - Volltext;DOCX, optional PDF;Pflicht;Pflicht;Pflicht falls Tool existiert/ geplant;zu auditieren;offen
1;Produkte & Konsum / Wirkungsumsatzsteuer;5;Lieferketten und Vorsteuerlogik;lieferketten-und-vorsteuerlogik;ja - umfangreich neu/ersetzt Kurzfassung;ja - umfangreich neu/ersetzt Kurzfassung;ja - Volltext;ja - Volltext;DOCX, optional PDF;Pflicht;Pflicht;Pflicht falls Tool existiert/ geplant;zu auditieren;offen
1;Produkte & Konsum / Wirkungsumsatzsteuer;6;Konzernbeispiel BASF Polyamid und Produktscorecard;konzernbeispiel-basf-polyamid-und-produktscorecard;ja - umfangreich neu/ersetzt Kurzfassung;ja - umfangreich neu/ersetzt Kurzfassung;ja - Volltext;ja - Volltext;DOCX, optional PDF;Pflicht;Pflicht;Pflicht falls Tool existiert/ geplant;zu auditieren;offen
1;Produkte & Konsum / Wirkungsumsatzsteuer;7;Verbraucherinformation und Wirkungspunkte;verbraucherinformation-und-wirkungspunkte;ja - umfangreich neu/ersetzt Kurzfassung;ja - umfangreich neu/ersetzt Kurzfassung;ja - Volltext;ja - Volltext;DOCX, optional PDF;Pflicht;Pflicht;Pflicht falls Tool existiert/ geplant;zu auditieren;offen
1;Produkte & Konsum / Wirkungsumsatzsteuer;8;Digitale Produktpässe und Produktdatenräume;digitale-produktpaesse-und-produktdatenraeume;ja - umfangreich neu/ersetzt Kurzfassung;ja - umfangreich neu/ersetzt Kurzfassung;ja - Volltext;ja - Volltext;DOCX, optional PDF;Pflicht;Pflicht;Pflicht falls Tool existiert/ geplant;zu auditieren;offen
1;Produkte & Konsum / Wirkungsumsatzsteuer;9;Reverse Merit Order bei Produkten;reverse-merit-order-bei-produkten;ja - umfangreich neu/ersetzt Kurzfassung;ja - umfangreich neu/ersetzt Kurzfassung;ja - Volltext;ja - Volltext;DOCX, optional PDF;Pflicht;Pflicht;Pflicht falls Tool existiert/ geplant;zu auditieren;offen
1;Produkte & Konsum / Wirkungsumsatzsteuer;10;Produktwirkungsrechner und Scorecard-Demo;produktwirkungsrechner-und-scorecard-demo;ja - umfangreich neu/ersetzt Kurzfassung;ja - umfangreich neu/ersetzt Kurzfassung;ja - Volltext;ja - Volltext;DOCX, optional PDF;Pflicht;Pflicht;Pflicht falls Tool existiert/ geplant;zu auditieren;offen
1;Produkte & Konsum / Wirkungsumsatzsteuer;11;Unternehmensperspektive Produktwirkung;unternehmensperspektive-produktwirkung;ja - umfangreich neu/ersetzt Kurzfassung;ja - umfangreich neu/ersetzt Kurzfassung;ja - Volltext;ja - Volltext;DOCX, optional PDF;Pflicht;Pflicht;Pflicht falls Tool existiert/ geplant;zu auditieren;offen
1;Produkte & Konsum / Wirkungsumsatzsteuer;12;Politische Rahmenbedingungen der Produktwirkungssteuer;politische-rahmenbedingungen-der-produktwirkungssteuer;ja - umfangreich neu/ersetzt Kurzfassung;ja - umfangreich neu/ersetzt Kurzfassung;ja - Volltext;ja - Volltext;DOCX, optional PDF;Pflicht;Pflicht;Pflicht falls Tool existiert/ geplant;zu auditieren;offen
2;Impact Controlling / T-SROI / WÖk-IDs / Scorecards;1;Impact Controlling als methodischer Unterbau;impact-controlling-als-methodischer-unterbau;ja - umfangreich neu/ersetzt Kurzfassung;ja - umfangreich neu/ersetzt Kurzfassung;ja - Volltext;ja - Volltext;DOCX, optional PDF;Pflicht;Pflicht;Pflicht falls Tool existiert/ geplant;zu auditieren;offen
2;Impact Controlling / T-SROI / WÖk-IDs / Scorecards;2;T-SROI Transformational Social Return on Investment;t-sroi-transformational-social-return-on-investment;ja - umfangreich neu/ersetzt Kurzfassung;ja - umfangreich neu/ersetzt Kurzfassung;ja - Volltext;ja - Volltext;DOCX, optional PDF;Pflicht;Pflicht;Pflicht falls Tool existiert/ geplant;zu auditieren;offen
2;Impact Controlling / T-SROI / WÖk-IDs / Scorecards;3;Netto-Wirkungs-Index NWI;netto-wirkungs-index-nwi;ja - umfangreich neu/ersetzt Kurzfassung;ja - umfangreich neu/ersetzt Kurzfassung;ja - Volltext;ja - Volltext;DOCX, optional PDF;Pflicht;Pflicht;Pflicht falls Tool existiert/ geplant;zu auditieren;offen
2;Impact Controlling / T-SROI / WÖk-IDs / Scorecards;4;WÖk-IDs und Indikatorenarchitektur;woek-ids-und-indikatorenarchitektur;ja - umfangreich neu/ersetzt Kurzfassung;ja - umfangreich neu/ersetzt Kurzfassung;ja - Volltext;ja - Volltext;DOCX, optional PDF;Pflicht;Pflicht;Pflicht falls Tool existiert/ geplant;zu auditieren;offen
2;Impact Controlling / T-SROI / WÖk-IDs / Scorecards;5;Scorecards und Benchmarks;scorecards-und-benchmarks;ja - umfangreich neu/ersetzt Kurzfassung;ja - umfangreich neu/ersetzt Kurzfassung;ja - Volltext;ja - Volltext;DOCX, optional PDF;Pflicht;Pflicht;Pflicht falls Tool existiert/ geplant;zu auditieren;offen
2;Impact Controlling / T-SROI / WÖk-IDs / Scorecards;6;Reverse Merit Order und Nichtkompensation;reverse-merit-order-und-nichtkompensation;ja - umfangreich neu/ersetzt Kurzfassung;ja - umfangreich neu/ersetzt Kurzfassung;ja - Volltext;ja - Volltext;DOCX, optional PDF;Pflicht;Pflicht;Pflicht falls Tool existiert/ geplant;zu auditieren;offen
2;Impact Controlling / T-SROI / WÖk-IDs / Scorecards;7;Archetypen und Branchenbenchmarks;archetypen-und-branchenbenchmarks;ja - umfangreich neu/ersetzt Kurzfassung;ja - umfangreich neu/ersetzt Kurzfassung;ja - Volltext;ja - Volltext;DOCX, optional PDF;Pflicht;Pflicht;Pflicht falls Tool existiert/ geplant;zu auditieren;offen
2;Impact Controlling / T-SROI / WÖk-IDs / Scorecards;8;Datenqualität, Assurance und Auditierung;datenqualitaet-assurance-und-auditierung;ja - umfangreich neu/ersetzt Kurzfassung;ja - umfangreich neu/ersetzt Kurzfassung;ja - Volltext;ja - Volltext;DOCX, optional PDF;Pflicht;Pflicht;Pflicht falls Tool existiert/ geplant;zu auditieren;offen
2;Impact Controlling / T-SROI / WÖk-IDs / Scorecards;9;Wirkungsdatenräume und digitale Produktpässe;wirkungsdatenraeume-und-digitale-produktpaesse;ja - umfangreich neu/ersetzt Kurzfassung;ja - umfangreich neu/ersetzt Kurzfassung;ja - Volltext;ja - Volltext;DOCX, optional PDF;Pflicht;Pflicht;Pflicht falls Tool existiert/ geplant;zu auditieren;offen
2;Impact Controlling / T-SROI / WÖk-IDs / Scorecards;10;Scorecard-Generator und WÖk-ID-Browser;scorecard-generator-und-woek-id-browser;ja - umfangreich neu/ersetzt Kurzfassung;ja - umfangreich neu/ersetzt Kurzfassung;ja - Volltext;ja - Volltext;DOCX, optional PDF;Pflicht;Pflicht;Pflicht falls Tool existiert/ geplant;zu auditieren;offen
2;Impact Controlling / T-SROI / WÖk-IDs / Scorecards;11;T-SROI-Rechner und Methodenbeispiele;t-sroi-rechner-und-methodenbeispiele;ja - umfangreich neu/ersetzt Kurzfassung;ja - umfangreich neu/ersetzt Kurzfassung;ja - Volltext;ja - Volltext;DOCX, optional PDF;Pflicht;Pflicht;Pflicht falls Tool existiert/ geplant;zu auditieren;offen
2;Impact Controlling / T-SROI / WÖk-IDs / Scorecards;12;Politische Rahmenbedingungen fuer Wirkungsmessung;politische-rahmenbedingungen-fuer-wirkungsmessung;ja - umfangreich neu/ersetzt Kurzfassung;ja - umfangreich neu/ersetzt Kurzfassung;ja - Volltext;ja - Volltext;DOCX, optional PDF;Pflicht;Pflicht;Pflicht falls Tool existiert/ geplant;zu auditieren;offen
3;Staat, Recht & Demokratie / WStG / Wirkungsrat;1;Staat als Wirkungsarchitektur;staat-als-wirkungsarchitektur;ja - umfangreich neu/ersetzt Kurzfassung;ja - umfangreich neu/ersetzt Kurzfassung;ja - Volltext;ja - Volltext;DOCX, optional PDF;Pflicht;Pflicht;Pflicht falls Tool existiert/ geplant;zu auditieren;offen
3;Staat, Recht & Demokratie / WStG / Wirkungsrat;2;Wirkungssteuergesetz WStG als Rahmengesetz;wirkungssteuergesetz-wstg-als-rahmengesetz;ja - umfangreich neu/ersetzt Kurzfassung;ja - umfangreich neu/ersetzt Kurzfassung;ja - Volltext;ja - Volltext;DOCX, optional PDF;Pflicht;Pflicht;Pflicht falls Tool existiert/ geplant;zu auditieren;offen
3;Staat, Recht & Demokratie / WStG / Wirkungsrat;3;WUStG im Rechtsrahmen;wustg-im-rechtsrahmen;ja - umfangreich neu/ersetzt Kurzfassung;ja - umfangreich neu/ersetzt Kurzfassung;ja - Volltext;ja - Volltext;DOCX, optional PDF;Pflicht;Pflicht;Pflicht falls Tool existiert/ geplant;zu auditieren;offen
3;Staat, Recht & Demokratie / WStG / Wirkungsrat;4;Wirkungseinkommensteuer im Rechtsrahmen;wirkungseinkommensteuer-im-rechtsrahmen;ja - umfangreich neu/ersetzt Kurzfassung;ja - umfangreich neu/ersetzt Kurzfassung;ja - Volltext;ja - Volltext;DOCX, optional PDF;Pflicht;Pflicht;Pflicht falls Tool existiert/ geplant;zu auditieren;offen
3;Staat, Recht & Demokratie / WStG / Wirkungsrat;5;Wirkungshaushalt und öffentliche Mittel;wirkungshaushalt-und-oeffentliche-mittel;ja - umfangreich neu/ersetzt Kurzfassung;ja - umfangreich neu/ersetzt Kurzfassung;ja - Volltext;ja - Volltext;DOCX, optional PDF;Pflicht;Pflicht;Pflicht falls Tool existiert/ geplant;zu auditieren;offen
3;Staat, Recht & Demokratie / WStG / Wirkungsrat;6;Wirkungsrat und Governance;wirkungsrat-und-governance;ja - umfangreich neu/ersetzt Kurzfassung;ja - umfangreich neu/ersetzt Kurzfassung;ja - Volltext;ja - Volltext;DOCX, optional PDF;Pflicht;Pflicht;Pflicht falls Tool existiert/ geplant;zu auditieren;offen
3;Staat, Recht & Demokratie / WStG / Wirkungsrat;7;LawReader und Paragrafen-Navigator;lawreader-und-paragrafen-navigator;ja - umfangreich neu/ersetzt Kurzfassung;ja - umfangreich neu/ersetzt Kurzfassung;ja - Volltext;ja - Volltext;DOCX, optional PDF;Pflicht;Pflicht;Pflicht falls Tool existiert/ geplant;zu auditieren;offen
3;Staat, Recht & Demokratie / WStG / Wirkungsrat;8;Rechtsschutz, Verhältnismäßigkeit und Grundrechte;rechtsschutz-verhaeltnismaessigkeit-und-grundrechte;ja - umfangreich neu/ersetzt Kurzfassung;ja - umfangreich neu/ersetzt Kurzfassung;ja - Volltext;ja - Volltext;DOCX, optional PDF;Pflicht;Pflicht;Pflicht falls Tool existiert/ geplant;zu auditieren;offen
3;Staat, Recht & Demokratie / WStG / Wirkungsrat;9;Wirkungsprüfung von Gesetzen;wirkungspruefung-von-gesetzen;ja - umfangreich neu/ersetzt Kurzfassung;ja - umfangreich neu/ersetzt Kurzfassung;ja - Volltext;ja - Volltext;DOCX, optional PDF;Pflicht;Pflicht;Pflicht falls Tool existiert/ geplant;zu auditieren;offen
3;Staat, Recht & Demokratie / WStG / Wirkungsrat;10;Demokratie, Rechtsstaat und SDG+;demokratie-rechtsstaat-und-sdg;ja - umfangreich neu/ersetzt Kurzfassung;ja - umfangreich neu/ersetzt Kurzfassung;ja - Volltext;ja - Volltext;DOCX, optional PDF;Pflicht;Pflicht;Pflicht falls Tool existiert/ geplant;zu auditieren;offen
3;Staat, Recht & Demokratie / WStG / Wirkungsrat;11;Politische Ausgestaltungsspielräume;politische-ausgestaltungsspielraeume;ja - umfangreich neu/ersetzt Kurzfassung;ja - umfangreich neu/ersetzt Kurzfassung;ja - Volltext;ja - Volltext;DOCX, optional PDF;Pflicht;Pflicht;Pflicht falls Tool existiert/ geplant;zu auditieren;offen
3;Staat, Recht & Demokratie / WStG / Wirkungsrat;12;Schutz vor Technokratie und Machtmissbrauch;schutz-vor-technokratie-und-machtmissbrauch;ja - umfangreich neu/ersetzt Kurzfassung;ja - umfangreich neu/ersetzt Kurzfassung;ja - Volltext;ja - Volltext;DOCX, optional PDF;Pflicht;Pflicht;Pflicht falls Tool existiert/ geplant;zu auditieren;offen
4;Wirtschaft & Unternehmen;1;Unternehmen als Wirkungssysteme;unternehmen-als-wirkungssysteme;ja - umfangreich neu/ersetzt Kurzfassung;ja - umfangreich neu/ersetzt Kurzfassung;ja - Volltext;ja - Volltext;DOCX, optional PDF;Pflicht;Pflicht;Pflicht falls Tool existiert/ geplant;zu auditieren;offen
4;Wirtschaft & Unternehmen;2;Wirkungsorientierte Unternehmensführung;wirkungsorientierte-unternehmensfuehrung;ja - umfangreich neu/ersetzt Kurzfassung;ja - umfangreich neu/ersetzt Kurzfassung;ja - Volltext;ja - Volltext;DOCX, optional PDF;Pflicht;Pflicht;Pflicht falls Tool existiert/ geplant;zu auditieren;offen
4;Wirtschaft & Unternehmen;3;Wirkungsorientierte Mitarbeiterführung;wirkungsorientierte-mitarbeiterfuehrung;ja - umfangreich neu/ersetzt Kurzfassung;ja - umfangreich neu/ersetzt Kurzfassung;ja - Volltext;ja - Volltext;DOCX, optional PDF;Pflicht;Pflicht;Pflicht falls Tool existiert/ geplant;zu auditieren;offen
4;Wirtschaft & Unternehmen;4;Impact Controlling im Unternehmen;impact-controlling-im-unternehmen;ja - umfangreich neu/ersetzt Kurzfassung;ja - umfangreich neu/ersetzt Kurzfassung;ja - Volltext;ja - Volltext;DOCX, optional PDF;Pflicht;Pflicht;Pflicht falls Tool existiert/ geplant;zu auditieren;offen
4;Wirtschaft & Unternehmen;5;Risikomanagement und Wirkungsrisiko;risikomanagement-und-wirkungsrisiko;ja - umfangreich neu/ersetzt Kurzfassung;ja - umfangreich neu/ersetzt Kurzfassung;ja - Volltext;ja - Volltext;DOCX, optional PDF;Pflicht;Pflicht;Pflicht falls Tool existiert/ geplant;zu auditieren;offen
4;Wirtschaft & Unternehmen;6;Resiliente Wertschöpfungsketten;resiliente-wertschoepfungsketten;ja - umfangreich neu/ersetzt Kurzfassung;ja - umfangreich neu/ersetzt Kurzfassung;ja - Volltext;ja - Volltext;DOCX, optional PDF;Pflicht;Pflicht;Pflicht falls Tool existiert/ geplant;zu auditieren;offen
4;Wirtschaft & Unternehmen;7;Einkauf, Lieferketten und Due Diligence;einkauf-lieferketten-und-due-diligence;ja - umfangreich neu/ersetzt Kurzfassung;ja - umfangreich neu/ersetzt Kurzfassung;ja - Volltext;ja - Volltext;DOCX, optional PDF;Pflicht;Pflicht;Pflicht falls Tool existiert/ geplant;zu auditieren;offen
4;Wirtschaft & Unternehmen;8;Produktentwicklung und Produktscorecards;produktentwicklung-und-produktscorecards;ja - umfangreich neu/ersetzt Kurzfassung;ja - umfangreich neu/ersetzt Kurzfassung;ja - Volltext;ja - Volltext;DOCX, optional PDF;Pflicht;Pflicht;Pflicht falls Tool existiert/ geplant;zu auditieren;offen
4;Wirtschaft & Unternehmen;9;Marketing und das fünfte P Planet;marketing-und-das-fuenfte-p-planet;ja - umfangreich neu/ersetzt Kurzfassung;ja - umfangreich neu/ersetzt Kurzfassung;ja - Volltext;ja - Volltext;DOCX, optional PDF;Pflicht;Pflicht;Pflicht falls Tool existiert/ geplant;zu auditieren;offen
4;Wirtschaft & Unternehmen;10;Organisation, Kultur und Wirkungskompetenz;organisation-kultur-und-wirkungskompetenz;ja - umfangreich neu/ersetzt Kurzfassung;ja - umfangreich neu/ersetzt Kurzfassung;ja - Volltext;ja - Volltext;DOCX, optional PDF;Pflicht;Pflicht;Pflicht falls Tool existiert/ geplant;zu auditieren;offen
4;Wirtschaft & Unternehmen;11;Finanzmarktanforderungen, Banken, ESG-Ratings und Versicherungen;finanzmarktanforderungen-banken-esg-ratings-und-versicherungen;ja - umfangreich neu/ersetzt Kurzfassung;ja - umfangreich neu/ersetzt Kurzfassung;ja - Volltext;ja - Volltext;DOCX, optional PDF;Pflicht;Pflicht;Pflicht falls Tool existiert/ geplant;zu auditieren;offen
4;Wirtschaft & Unternehmen;12;Politische Rahmenbedingungen fuer Unternehmen;politische-rahmenbedingungen-fuer-unternehmen;ja - umfangreich neu/ersetzt Kurzfassung;ja - umfangreich neu/ersetzt Kurzfassung;ja - Volltext;ja - Volltext;DOCX, optional PDF;Pflicht;Pflicht;Pflicht falls Tool existiert/ geplant;zu auditieren;offen
5;Wohnen & Stadt;1;Wohnen als Wirkungsraum;wohnen-als-wirkungsraum;ja - umfangreich neu/ersetzt Kurzfassung;ja - umfangreich neu/ersetzt Kurzfassung;ja - Volltext;ja - Volltext;DOCX, optional PDF;Pflicht;Pflicht;Pflicht falls Tool existiert/ geplant;zu auditieren;offen
5;Wohnen & Stadt;2;Miete und Bezahlbarkeit;miete-und-bezahlbarkeit;ja - umfangreich neu/ersetzt Kurzfassung;ja - umfangreich neu/ersetzt Kurzfassung;ja - Volltext;ja - Volltext;DOCX, optional PDF;Pflicht;Pflicht;Pflicht falls Tool existiert/ geplant;zu auditieren;offen
5;Wohnen & Stadt;3;Investor:innen, Vermieter:innen und Eigentümer:innen;investor-innen-vermieter-innen-und-eigentuemer-innen;ja - umfangreich neu/ersetzt Kurzfassung;ja - umfangreich neu/ersetzt Kurzfassung;ja - Volltext;ja - Volltext;DOCX, optional PDF;Pflicht;Pflicht;Pflicht falls Tool existiert/ geplant;zu auditieren;offen
5;Wohnen & Stadt;4;Spekulationsschutz und Bodenpolitik;spekulationsschutz-und-bodenpolitik;ja - umfangreich neu/ersetzt Kurzfassung;ja - umfangreich neu/ersetzt Kurzfassung;ja - Volltext;ja - Volltext;DOCX, optional PDF;Pflicht;Pflicht;Pflicht falls Tool existiert/ geplant;zu auditieren;offen
5;Wohnen & Stadt;5;Sanierung, Energie und Warmmietenneutralität;sanierung-energie-und-warmmietenneutralitaet;ja - umfangreich neu/ersetzt Kurzfassung;ja - umfangreich neu/ersetzt Kurzfassung;ja - Volltext;ja - Volltext;DOCX, optional PDF;Pflicht;Pflicht;Pflicht falls Tool existiert/ geplant;zu auditieren;offen
5;Wohnen & Stadt;6;Gebäude- und Quartierswirkung;gebaeude--und-quartierswirkung;ja - umfangreich neu/ersetzt Kurzfassung;ja - umfangreich neu/ersetzt Kurzfassung;ja - Volltext;ja - Volltext;DOCX, optional PDF;Pflicht;Pflicht;Pflicht falls Tool existiert/ geplant;zu auditieren;offen
5;Wohnen & Stadt;7;Kommunale Wohnungspolitik und Wohnwirkungshaushalt;kommunale-wohnungspolitik-und-wohnwirkungshaushalt;ja - umfangreich neu/ersetzt Kurzfassung;ja - umfangreich neu/ersetzt Kurzfassung;ja - Volltext;ja - Volltext;DOCX, optional PDF;Pflicht;Pflicht;Pflicht falls Tool existiert/ geplant;zu auditieren;offen
5;Wohnen & Stadt;8;Stranded Assets im Wohnungsmarkt;stranded-assets-im-wohnungsmarkt;ja - umfangreich neu/ersetzt Kurzfassung;ja - umfangreich neu/ersetzt Kurzfassung;ja - Volltext;ja - Volltext;DOCX, optional PDF;Pflicht;Pflicht;Pflicht falls Tool existiert/ geplant;zu auditieren;offen
5;Wohnen & Stadt;9;Wohnwirkungsindex WIX-Wohn;wohnwirkungsindex-wix-wohn;ja - umfangreich neu/ersetzt Kurzfassung;ja - umfangreich neu/ersetzt Kurzfassung;ja - Volltext;ja - Volltext;DOCX, optional PDF;Pflicht;Pflicht;Pflicht falls Tool existiert/ geplant;zu auditieren;offen
5;Wohnen & Stadt;10;Dossiers fuer Mieter:innen, Vermieter:innen und Kommunen;dossiers-fuer-mieter-innen-vermieter-innen-und-kommunen;ja - umfangreich neu/ersetzt Kurzfassung;ja - umfangreich neu/ersetzt Kurzfassung;ja - Volltext;ja - Volltext;DOCX, optional PDF;Pflicht;Pflicht;Pflicht falls Tool existiert/ geplant;zu auditieren;offen
5;Wohnen & Stadt;11;Wohnwirkungsrechner und Sanierungswirkungsrechner;wohnwirkungsrechner-und-sanierungswirkungsrechner;ja - umfangreich neu/ersetzt Kurzfassung;ja - umfangreich neu/ersetzt Kurzfassung;ja - Volltext;ja - Volltext;DOCX, optional PDF;Pflicht;Pflicht;Pflicht falls Tool existiert/ geplant;zu auditieren;offen
5;Wohnen & Stadt;12;Politische Anschlussfähigkeit im Wohnungsmarkt;politische-anschlussfaehigkeit-im-wohnungsmarkt;ja - umfangreich neu/ersetzt Kurzfassung;ja - umfangreich neu/ersetzt Kurzfassung;ja - Volltext;ja - Volltext;DOCX, optional PDF;Pflicht;Pflicht;Pflicht falls Tool existiert/ geplant;zu auditieren;offen
6;Arbeit & Einkommen / Automatisierung;1;Arbeit, Einkommen und Wirkung;arbeit-einkommen-und-wirkung;ja - umfangreich neu/ersetzt Kurzfassung;ja - umfangreich neu/ersetzt Kurzfassung;ja - Volltext;ja - Volltext;DOCX, optional PDF;Pflicht;Pflicht;Pflicht falls Tool existiert/ geplant;zu auditieren;offen
6;Arbeit & Einkommen / Automatisierung;2;Automatisierung und Maschinenleistung;automatisierung-und-maschinenleistung;ja - umfangreich neu/ersetzt Kurzfassung;ja - umfangreich neu/ersetzt Kurzfassung;ja - Volltext;ja - Volltext;DOCX, optional PDF;Pflicht;Pflicht;Pflicht falls Tool existiert/ geplant;zu auditieren;offen
6;Arbeit & Einkommen / Automatisierung;3;Wirkungseinkommen;wirkungseinkommen;ja - umfangreich neu/ersetzt Kurzfassung;ja - umfangreich neu/ersetzt Kurzfassung;ja - Volltext;ja - Volltext;DOCX, optional PDF;Pflicht;Pflicht;Pflicht falls Tool existiert/ geplant;zu auditieren;offen
6;Arbeit & Einkommen / Automatisierung;4;Wirkungseinkommensteuer WEstG;wirkungseinkommensteuer-westg;ja - umfangreich neu/ersetzt Kurzfassung;ja - umfangreich neu/ersetzt Kurzfassung;ja - Volltext;ja - Volltext;DOCX, optional PDF;Pflicht;Pflicht;Pflicht falls Tool existiert/ geplant;zu auditieren;offen
6;Arbeit & Einkommen / Automatisierung;5;Sozialabgaben-Entkopplung;sozialabgaben-entkopplung;ja - umfangreich neu/ersetzt Kurzfassung;ja - umfangreich neu/ersetzt Kurzfassung;ja - Volltext;ja - Volltext;DOCX, optional PDF;Pflicht;Pflicht;Pflicht falls Tool existiert/ geplant;zu auditieren;offen
6;Arbeit & Einkommen / Automatisierung;6;Care, Bildung, Ehrenamt und Wirkleistung;care-bildung-ehrenamt-und-wirkleistung;ja - umfangreich neu/ersetzt Kurzfassung;ja - umfangreich neu/ersetzt Kurzfassung;ja - Volltext;ja - Volltext;DOCX, optional PDF;Pflicht;Pflicht;Pflicht falls Tool existiert/ geplant;zu auditieren;offen
6;Arbeit & Einkommen / Automatisierung;7;Übergang, Qualifizierung und Resilienz;uebergang-qualifizierung-und-resilienz;ja - umfangreich neu/ersetzt Kurzfassung;ja - umfangreich neu/ersetzt Kurzfassung;ja - Volltext;ja - Volltext;DOCX, optional PDF;Pflicht;Pflicht;Pflicht falls Tool existiert/ geplant;zu auditieren;offen
6;Arbeit & Einkommen / Automatisierung;8;Plattformen, Daten, KI und Arbeit;plattformen-daten-ki-und-arbeit;ja - umfangreich neu/ersetzt Kurzfassung;ja - umfangreich neu/ersetzt Kurzfassung;ja - Volltext;ja - Volltext;DOCX, optional PDF;Pflicht;Pflicht;Pflicht falls Tool existiert/ geplant;zu auditieren;offen
6;Arbeit & Einkommen / Automatisierung;9;Maschinenwertschöpfungsbeitrag;maschinenwertschoepfungsbeitrag;ja - umfangreich neu/ersetzt Kurzfassung;ja - umfangreich neu/ersetzt Kurzfassung;ja - Volltext;ja - Volltext;DOCX, optional PDF;Pflicht;Pflicht;Pflicht falls Tool existiert/ geplant;zu auditieren;offen
6;Arbeit & Einkommen / Automatisierung;10;Wirkungsdividende und Wirkungsfonds;wirkungsdividende-und-wirkungsfonds;ja - umfangreich neu/ersetzt Kurzfassung;ja - umfangreich neu/ersetzt Kurzfassung;ja - Volltext;ja - Volltext;DOCX, optional PDF;Pflicht;Pflicht;Pflicht falls Tool existiert/ geplant;zu auditieren;offen
6;Arbeit & Einkommen / Automatisierung;11;Unternehmens- und Arbeitnehmerperspektive;unternehmens--und-arbeitnehmerperspektive;ja - umfangreich neu/ersetzt Kurzfassung;ja - umfangreich neu/ersetzt Kurzfassung;ja - Volltext;ja - Volltext;DOCX, optional PDF;Pflicht;Pflicht;Pflicht falls Tool existiert/ geplant;zu auditieren;offen
6;Arbeit & Einkommen / Automatisierung;12;Politische Anschlussfähigkeit Arbeit und Einkommen;politische-anschlussfaehigkeit-arbeit-und-einkommen;ja - umfangreich neu/ersetzt Kurzfassung;ja - umfangreich neu/ersetzt Kurzfassung;ja - Volltext;ja - Volltext;DOCX, optional PDF;Pflicht;Pflicht;Pflicht falls Tool existiert/ geplant;zu auditieren;offen
7;Rente & soziale Sicherung;1;Rente als Wirkungsraum;rente-als-wirkungsraum;ja - umfangreich neu/ersetzt Kurzfassung;ja - umfangreich neu/ersetzt Kurzfassung;ja - Volltext;ja - Volltext;DOCX, optional PDF;Pflicht;Pflicht;Pflicht falls Tool existiert/ geplant;zu auditieren;offen
7;Rente & soziale Sicherung;2;Wirkungsrente und Lebenswirkungs-Konto;wirkungsrente-und-lebenswirkungs-konto;ja - umfangreich neu/ersetzt Kurzfassung;ja - umfangreich neu/ersetzt Kurzfassung;ja - Volltext;ja - Volltext;DOCX, optional PDF;Pflicht;Pflicht;Pflicht falls Tool existiert/ geplant;zu auditieren;offen
7;Rente & soziale Sicherung;3;Lebensleistung, Care und Ehrenamt;lebensleistung-care-und-ehrenamt;ja - umfangreich neu/ersetzt Kurzfassung;ja - umfangreich neu/ersetzt Kurzfassung;ja - Volltext;ja - Volltext;DOCX, optional PDF;Pflicht;Pflicht;Pflicht falls Tool existiert/ geplant;zu auditieren;offen
7;Rente & soziale Sicherung;4;Demografische Resilienz und Automatisierung;demografische-resilienz-und-automatisierung;ja - umfangreich neu/ersetzt Kurzfassung;ja - umfangreich neu/ersetzt Kurzfassung;ja - Volltext;ja - Volltext;DOCX, optional PDF;Pflicht;Pflicht;Pflicht falls Tool existiert/ geplant;zu auditieren;offen
7;Rente & soziale Sicherung;5;Wirkungsfonds Alters- und Sozialstabilität;wirkungsfonds-alters--und-sozialstabilitaet;ja - umfangreich neu/ersetzt Kurzfassung;ja - umfangreich neu/ersetzt Kurzfassung;ja - Volltext;ja - Volltext;DOCX, optional PDF;Pflicht;Pflicht;Pflicht falls Tool existiert/ geplant;zu auditieren;offen
7;Rente & soziale Sicherung;6;Übergang vom Umlagesystem zur Wirkungsarchitektur;uebergang-vom-umlagesystem-zur-wirkungsarchitektur;ja - umfangreich neu/ersetzt Kurzfassung;ja - umfangreich neu/ersetzt Kurzfassung;ja - Volltext;ja - Volltext;DOCX, optional PDF;Pflicht;Pflicht;Pflicht falls Tool existiert/ geplant;zu auditieren;offen
7;Rente & soziale Sicherung;7;Sozialabgaben-Entkopplung und Beitragsbasis;sozialabgaben-entkopplung-und-beitragsbasis;ja - umfangreich neu/ersetzt Kurzfassung;ja - umfangreich neu/ersetzt Kurzfassung;ja - Volltext;ja - Volltext;DOCX, optional PDF;Pflicht;Pflicht;Pflicht falls Tool existiert/ geplant;zu auditieren;offen
7;Rente & soziale Sicherung;8;Altersarmut, Teilhabe, Gesundheit und Wohnen im Alter;altersarmut-teilhabe-gesundheit-und-wohnen-im-alter;ja - umfangreich neu/ersetzt Kurzfassung;ja - umfangreich neu/ersetzt Kurzfassung;ja - Volltext;ja - Volltext;DOCX, optional PDF;Pflicht;Pflicht;Pflicht falls Tool existiert/ geplant;zu auditieren;offen
7;Rente & soziale Sicherung;9;Private und betriebliche Vorsorge unter Wirkungsbedingungen;private-und-betriebliche-vorsorge-unter-wirkungsbedingungen;ja - umfangreich neu/ersetzt Kurzfassung;ja - umfangreich neu/ersetzt Kurzfassung;ja - Volltext;ja - Volltext;DOCX, optional PDF;Pflicht;Pflicht;Pflicht falls Tool existiert/ geplant;zu auditieren;offen
7;Rente & soziale Sicherung;10;Wirkungsrenten-Rechner und Lebenswirkungs-Konto;wirkungsrenten-rechner-und-lebenswirkungs-konto;ja - umfangreich neu/ersetzt Kurzfassung;ja - umfangreich neu/ersetzt Kurzfassung;ja - Volltext;ja - Volltext;DOCX, optional PDF;Pflicht;Pflicht;Pflicht falls Tool existiert/ geplant;zu auditieren;offen
7;Rente & soziale Sicherung;11;Generationengerechtigkeit und politische Optionen;generationengerechtigkeit-und-politische-optionen;ja - umfangreich neu/ersetzt Kurzfassung;ja - umfangreich neu/ersetzt Kurzfassung;ja - Volltext;ja - Volltext;DOCX, optional PDF;Pflicht;Pflicht;Pflicht falls Tool existiert/ geplant;zu auditieren;offen
7;Rente & soziale Sicherung;12;Politische Anschlussfähigkeit Rente und soziale Sicherung;politische-anschlussfaehigkeit-rente-und-soziale-sicherung;ja - umfangreich neu/ersetzt Kurzfassung;ja - umfangreich neu/ersetzt Kurzfassung;ja - Volltext;ja - Volltext;DOCX, optional PDF;Pflicht;Pflicht;Pflicht falls Tool existiert/ geplant;zu auditieren;offen
8;Bildung / Wirkungsschule;1;Bildung als Wirkungsinfrastruktur;bildung-als-wirkungsinfrastruktur;ja - umfangreich neu/ersetzt Kurzfassung;ja - umfangreich neu/ersetzt Kurzfassung;ja - Volltext;ja - Volltext;DOCX, optional PDF;Pflicht;Pflicht;Pflicht falls Tool existiert/ geplant;zu auditieren;offen
8;Bildung / Wirkungsschule;2;Die Wirkungsschule;die-wirkungsschule;ja - umfangreich neu/ersetzt Kurzfassung;ja - umfangreich neu/ersetzt Kurzfassung;ja - Volltext;ja - Volltext;DOCX, optional PDF;Pflicht;Pflicht;Pflicht falls Tool existiert/ geplant;zu auditieren;offen
8;Bildung / Wirkungsschule;3;Wirkungspädagogik;wirkungspaedagogik;ja - umfangreich neu/ersetzt Kurzfassung;ja - umfangreich neu/ersetzt Kurzfassung;ja - Volltext;ja - Volltext;DOCX, optional PDF;Pflicht;Pflicht;Pflicht falls Tool existiert/ geplant;zu auditieren;offen
8;Bildung / Wirkungsschule;4;Fächer neu denken und vernetzen;faecher-neu-denken-und-vernetzen;ja - umfangreich neu/ersetzt Kurzfassung;ja - umfangreich neu/ersetzt Kurzfassung;ja - Volltext;ja - Volltext;DOCX, optional PDF;Pflicht;Pflicht;Pflicht falls Tool existiert/ geplant;zu auditieren;offen
8;Bildung / Wirkungsschule;5;Fach oder Lernfeld Zukunft;fach-oder-lernfeld-zukunft;ja - umfangreich neu/ersetzt Kurzfassung;ja - umfangreich neu/ersetzt Kurzfassung;ja - Volltext;ja - Volltext;DOCX, optional PDF;Pflicht;Pflicht;Pflicht falls Tool existiert/ geplant;zu auditieren;offen
8;Bildung / Wirkungsschule;6;Bewertung, Noten und Wirkungsportfolio;bewertung-noten-und-wirkungsportfolio;ja - umfangreich neu/ersetzt Kurzfassung;ja - umfangreich neu/ersetzt Kurzfassung;ja - Volltext;ja - Volltext;DOCX, optional PDF;Pflicht;Pflicht;Pflicht falls Tool existiert/ geplant;zu auditieren;offen
8;Bildung / Wirkungsschule;7;Wirkungsförderung und Nachhilfe ausserhalb der Schule;wirkungsfoerderung-und-nachhilfe-ausserhalb-der-schule;ja - umfangreich neu/ersetzt Kurzfassung;ja - umfangreich neu/ersetzt Kurzfassung;ja - Volltext;ja - Volltext;DOCX, optional PDF;Pflicht;Pflicht;Pflicht falls Tool existiert/ geplant;zu auditieren;offen
8;Bildung / Wirkungsschule;8;Digitale Mündigkeit und KI-Kompetenz;digitale-muendigkeit-und-ki-kompetenz;ja - umfangreich neu/ersetzt Kurzfassung;ja - umfangreich neu/ersetzt Kurzfassung;ja - Volltext;ja - Volltext;DOCX, optional PDF;Pflicht;Pflicht;Pflicht falls Tool existiert/ geplant;zu auditieren;offen
8;Bildung / Wirkungsschule;9;Demokratie-, Medien- und Wirkungskompetenz;demokratie--medien--und-wirkungskompetenz;ja - umfangreich neu/ersetzt Kurzfassung;ja - umfangreich neu/ersetzt Kurzfassung;ja - Volltext;ja - Volltext;DOCX, optional PDF;Pflicht;Pflicht;Pflicht falls Tool existiert/ geplant;zu auditieren;offen
8;Bildung / Wirkungsschule;10;Schule als Lebens-, Gesundheits- und Wirkungsraum;schule-als-lebens--gesundheits--und-wirkungsraum;ja - umfangreich neu/ersetzt Kurzfassung;ja - umfangreich neu/ersetzt Kurzfassung;ja - Volltext;ja - Volltext;DOCX, optional PDF;Pflicht;Pflicht;Pflicht falls Tool existiert/ geplant;zu auditieren;offen
8;Bildung / Wirkungsschule;11;Inklusion, Vielfalt, Migration und Begabung;inklusion-vielfalt-migration-und-begabung;ja - umfangreich neu/ersetzt Kurzfassung;ja - umfangreich neu/ersetzt Kurzfassung;ja - Volltext;ja - Volltext;DOCX, optional PDF;Pflicht;Pflicht;Pflicht falls Tool existiert/ geplant;zu auditieren;offen
8;Bildung / Wirkungsschule;12;Lehrkräfte, Schulleitung, Teams und Bildungsnetzwerke;lehrkraefte-schulleitung-teams-und-bildungsnetzwerke;ja - umfangreich neu/ersetzt Kurzfassung;ja - umfangreich neu/ersetzt Kurzfassung;ja - Volltext;ja - Volltext;DOCX, optional PDF;Pflicht;Pflicht;Pflicht falls Tool existiert/ geplant;zu auditieren;offen
9;Medien, Social Media, Journalismus & Öffentlichkeit;1;Medien und Öffentlichkeit als Wirkungsraum;medien-und-oeffentlichkeit-als-wirkungsraum;ja - umfangreich neu/ersetzt Kurzfassung;ja - umfangreich neu/ersetzt Kurzfassung;ja - Volltext;ja - Volltext;DOCX, optional PDF;Pflicht;Pflicht;Pflicht falls Tool existiert/ geplant;zu auditieren;offen
9;Medien, Social Media, Journalismus & Öffentlichkeit;2;Journalismus Wirkung statt Klicks;journalismus-wirkung-statt-klicks;ja - umfangreich neu/ersetzt Kurzfassung;ja - umfangreich neu/ersetzt Kurzfassung;ja - Volltext;ja - Volltext;DOCX, optional PDF;Pflicht;Pflicht;Pflicht falls Tool existiert/ geplant;zu auditieren;offen
9;Medien, Social Media, Journalismus & Öffentlichkeit;3;Plattformen und Social Media;plattformen-und-social-media;ja - umfangreich neu/ersetzt Kurzfassung;ja - umfangreich neu/ersetzt Kurzfassung;ja - Volltext;ja - Volltext;DOCX, optional PDF;Pflicht;Pflicht;Pflicht falls Tool existiert/ geplant;zu auditieren;offen
9;Medien, Social Media, Journalismus & Öffentlichkeit;4;Creator:innen, Hosts und Influencer:innen;creator-innen-hosts-und-influencer-innen;ja - umfangreich neu/ersetzt Kurzfassung;ja - umfangreich neu/ersetzt Kurzfassung;ja - Volltext;ja - Volltext;DOCX, optional PDF;Pflicht;Pflicht;Pflicht falls Tool existiert/ geplant;zu auditieren;offen
9;Medien, Social Media, Journalismus & Öffentlichkeit;5;Sprache, Frames und Diskurskultur;sprache-frames-und-diskurskultur;ja - umfangreich neu/ersetzt Kurzfassung;ja - umfangreich neu/ersetzt Kurzfassung;ja - Volltext;ja - Volltext;DOCX, optional PDF;Pflicht;Pflicht;Pflicht falls Tool existiert/ geplant;zu auditieren;offen
9;Medien, Social Media, Journalismus & Öffentlichkeit;6;Desinformation, Deepfakes und hybride Einflussnahme;desinformation-deepfakes-und-hybride-einflussnahme;ja - umfangreich neu/ersetzt Kurzfassung;ja - umfangreich neu/ersetzt Kurzfassung;ja - Volltext;ja - Volltext;DOCX, optional PDF;Pflicht;Pflicht;Pflicht falls Tool existiert/ geplant;zu auditieren;offen
9;Medien, Social Media, Journalismus & Öffentlichkeit;7;Algorithmische Verstärkung und Aufmerksamkeitsökonomie;algorithmische-verstaerkung-und-aufmerksamkeitsoekonomie;ja - umfangreich neu/ersetzt Kurzfassung;ja - umfangreich neu/ersetzt Kurzfassung;ja - Volltext;ja - Volltext;DOCX, optional PDF;Pflicht;Pflicht;Pflicht falls Tool existiert/ geplant;zu auditieren;offen
9;Medien, Social Media, Journalismus & Öffentlichkeit;8;Medienkompetenz, Quellenklarheit und Wirkungskompetenz;medienkompetenz-quellenklarheit-und-wirkungskompetenz;ja - umfangreich neu/ersetzt Kurzfassung;ja - umfangreich neu/ersetzt Kurzfassung;ja - Volltext;ja - Volltext;DOCX, optional PDF;Pflicht;Pflicht;Pflicht falls Tool existiert/ geplant;zu auditieren;offen
9;Medien, Social Media, Journalismus & Öffentlichkeit;9;Medienvielfalt, Lokaljournalismus und Finanzierung;medienvielfalt-lokaljournalismus-und-finanzierung;ja - umfangreich neu/ersetzt Kurzfassung;ja - umfangreich neu/ersetzt Kurzfassung;ja - Volltext;ja - Volltext;DOCX, optional PDF;Pflicht;Pflicht;Pflicht falls Tool existiert/ geplant;zu auditieren;offen
9;Medien, Social Media, Journalismus & Öffentlichkeit;10;Politische Kommunikation, Wahlkampf und öffentliche Verantwortung;politische-kommunikation-wahlkampf-und-oeffentliche-verantwortung;ja - umfangreich neu/ersetzt Kurzfassung;ja - umfangreich neu/ersetzt Kurzfassung;ja - Volltext;ja - Volltext;DOCX, optional PDF;Pflicht;Pflicht;Pflicht falls Tool existiert/ geplant;zu auditieren;offen
9;Medien, Social Media, Journalismus & Öffentlichkeit;11;Medienrecht, Plattformaufsicht und digitale Grundrechte;medienrecht-plattformaufsicht-und-digitale-grundrechte;ja - umfangreich neu/ersetzt Kurzfassung;ja - umfangreich neu/ersetzt Kurzfassung;ja - Volltext;ja - Volltext;DOCX, optional PDF;Pflicht;Pflicht;Pflicht falls Tool existiert/ geplant;zu auditieren;offen
9;Medien, Social Media, Journalismus & Öffentlichkeit;12;Resiliente Öffentlichkeit und Krisenkommunikation;resiliente-oeffentlichkeit-und-krisenkommunikation;ja - umfangreich neu/ersetzt Kurzfassung;ja - umfangreich neu/ersetzt Kurzfassung;ja - Volltext;ja - Volltext;DOCX, optional PDF;Pflicht;Pflicht;Pflicht falls Tool existiert/ geplant;zu auditieren;offen
10;Gesundheit & Pflege;1;Gesundheit als gesellschaftliches Wirkungsfeld;gesundheit-als-gesellschaftliches-wirkungsfeld;ja - umfangreich neu/ersetzt Kurzfassung;ja - umfangreich neu/ersetzt Kurzfassung;ja - Volltext;ja - Volltext;DOCX, optional PDF;Pflicht;Pflicht;Pflicht falls Tool existiert/ geplant;zu auditieren;offen
10;Gesundheit & Pflege;2;Prävention, Gesundheitskassen und Wirkungshaushalt;praevention-gesundheitskassen-und-wirkungshaushalt;ja - umfangreich neu/ersetzt Kurzfassung;ja - umfangreich neu/ersetzt Kurzfassung;ja - Volltext;ja - Volltext;DOCX, optional PDF;Pflicht;Pflicht;Pflicht falls Tool existiert/ geplant;zu auditieren;offen
10;Gesundheit & Pflege;3;Versorgungsräume, Kliniken und Gesundheitsnetzwerke;versorgungsraeume-kliniken-und-gesundheitsnetzwerke;ja - umfangreich neu/ersetzt Kurzfassung;ja - umfangreich neu/ersetzt Kurzfassung;ja - Volltext;ja - Volltext;DOCX, optional PDF;Pflicht;Pflicht;Pflicht falls Tool existiert/ geplant;zu auditieren;offen
10;Gesundheit & Pflege;4;Pflege als Wirkleistung und Pflegeökosystem;pflege-als-wirkleistung-und-pflegeoekosystem;ja - umfangreich neu/ersetzt Kurzfassung;ja - umfangreich neu/ersetzt Kurzfassung;ja - Volltext;ja - Volltext;DOCX, optional PDF;Pflicht;Pflicht;Pflicht falls Tool existiert/ geplant;zu auditieren;offen
10;Gesundheit & Pflege;5;Psychische Gesundheit und soziale Stabilität;psychische-gesundheit-und-soziale-stabilitaet;ja - umfangreich neu/ersetzt Kurzfassung;ja - umfangreich neu/ersetzt Kurzfassung;ja - Volltext;ja - Volltext;DOCX, optional PDF;Pflicht;Pflicht;Pflicht falls Tool existiert/ geplant;zu auditieren;offen
10;Gesundheit & Pflege;6;Gesundheitsgerechtigkeit, Inklusion und Migration;gesundheitsgerechtigkeit-inklusion-und-migration;ja - umfangreich neu/ersetzt Kurzfassung;ja - umfangreich neu/ersetzt Kurzfassung;ja - Volltext;ja - Volltext;DOCX, optional PDF;Pflicht;Pflicht;Pflicht falls Tool existiert/ geplant;zu auditieren;offen
10;Gesundheit & Pflege;7;One Health, Klima, Umwelt und Ernährung;one-health-klima-umwelt-und-ernaehrung;ja - umfangreich neu/ersetzt Kurzfassung;ja - umfangreich neu/ersetzt Kurzfassung;ja - Volltext;ja - Volltext;DOCX, optional PDF;Pflicht;Pflicht;Pflicht falls Tool existiert/ geplant;zu auditieren;offen
10;Gesundheit & Pflege;8;Arbeitswelt, Unternehmen und Gesundheitswirkung;arbeitswelt-unternehmen-und-gesundheitswirkung;ja - umfangreich neu/ersetzt Kurzfassung;ja - umfangreich neu/ersetzt Kurzfassung;ja - Volltext;ja - Volltext;DOCX, optional PDF;Pflicht;Pflicht;Pflicht falls Tool existiert/ geplant;zu auditieren;offen
10;Gesundheit & Pflege;9;Gesundheitsdaten, KI und Bürgerkontrolle;gesundheitsdaten-ki-und-buergerkontrolle;ja - umfangreich neu/ersetzt Kurzfassung;ja - umfangreich neu/ersetzt Kurzfassung;ja - Volltext;ja - Volltext;DOCX, optional PDF;Pflicht;Pflicht;Pflicht falls Tool existiert/ geplant;zu auditieren;offen
10;Gesundheit & Pflege;10;Finanzierung, Wirkungsfonds und Gesundheitskassen;finanzierung-wirkungsfonds-und-gesundheitskassen;ja - umfangreich neu/ersetzt Kurzfassung;ja - umfangreich neu/ersetzt Kurzfassung;ja - Volltext;ja - Volltext;DOCX, optional PDF;Pflicht;Pflicht;Pflicht falls Tool existiert/ geplant;zu auditieren;offen
10;Gesundheit & Pflege;11;Fachkräfte, Migration, Robotik und Pflegeentlastung;fachkraefte-migration-robotik-und-pflegeentlastung;ja - umfangreich neu/ersetzt Kurzfassung;ja - umfangreich neu/ersetzt Kurzfassung;ja - Volltext;ja - Volltext;DOCX, optional PDF;Pflicht;Pflicht;Pflicht falls Tool existiert/ geplant;zu auditieren;offen
10;Gesundheit & Pflege;12;Governance, Wirkungsrat und politische Anschlussfähigkeit;governance-wirkungsrat-und-politische-anschlussfaehigkeit;ja - umfangreich neu/ersetzt Kurzfassung;ja - umfangreich neu/ersetzt Kurzfassung;ja - Volltext;ja - Volltext;DOCX, optional PDF;Pflicht;Pflicht;Pflicht falls Tool existiert/ geplant;zu auditieren;offen
11;Wissenschaft, Innovation & Digitalisierung;1;Wissenschaft als Wirkungsinfrastruktur;wissenschaft-als-wirkungsinfrastruktur;ja - umfangreich neu/ersetzt Kurzfassung;ja - umfangreich neu/ersetzt Kurzfassung;ja - Volltext;ja - Volltext;DOCX, optional PDF;Pflicht;Pflicht;Pflicht falls Tool existiert/ geplant;zu auditieren;offen
11;Wissenschaft, Innovation & Digitalisierung;2;Open Science, Replikation und Forschungsintegrität;open-science-replikation-und-forschungsintegritaet;ja - umfangreich neu/ersetzt Kurzfassung;ja - umfangreich neu/ersetzt Kurzfassung;ja - Volltext;ja - Volltext;DOCX, optional PDF;Pflicht;Pflicht;Pflicht falls Tool existiert/ geplant;zu auditieren;offen
11;Wissenschaft, Innovation & Digitalisierung;3;Wirkungsorientierte Forschung und Missionen;wirkungsorientierte-forschung-und-missionen;ja - umfangreich neu/ersetzt Kurzfassung;ja - umfangreich neu/ersetzt Kurzfassung;ja - Volltext;ja - Volltext;DOCX, optional PDF;Pflicht;Pflicht;Pflicht falls Tool existiert/ geplant;zu auditieren;offen
11;Wissenschaft, Innovation & Digitalisierung;4;Innovation als Systemlernen und Transfer;innovation-als-systemlernen-und-transfer;ja - umfangreich neu/ersetzt Kurzfassung;ja - umfangreich neu/ersetzt Kurzfassung;ja - Volltext;ja - Volltext;DOCX, optional PDF;Pflicht;Pflicht;Pflicht falls Tool existiert/ geplant;zu auditieren;offen
11;Wissenschaft, Innovation & Digitalisierung;5;KI und algorithmische Verantwortung;ki-und-algorithmische-verantwortung;ja - umfangreich neu/ersetzt Kurzfassung;ja - umfangreich neu/ersetzt Kurzfassung;ja - Volltext;ja - Volltext;DOCX, optional PDF;Pflicht;Pflicht;Pflicht falls Tool existiert/ geplant;zu auditieren;offen
11;Wissenschaft, Innovation & Digitalisierung;6;Datenräume, Interoperabilität und Wirkungsdaten;datenraeume-interoperabilitaet-und-wirkungsdaten;ja - umfangreich neu/ersetzt Kurzfassung;ja - umfangreich neu/ersetzt Kurzfassung;ja - Volltext;ja - Volltext;DOCX, optional PDF;Pflicht;Pflicht;Pflicht falls Tool existiert/ geplant;zu auditieren;offen
11;Wissenschaft, Innovation & Digitalisierung;7;Digitale öffentliche Infrastruktur und Souveränität;digitale-oeffentliche-infrastruktur-und-souveraenitaet;ja - umfangreich neu/ersetzt Kurzfassung;ja - umfangreich neu/ersetzt Kurzfassung;ja - Volltext;ja - Volltext;DOCX, optional PDF;Pflicht;Pflicht;Pflicht falls Tool existiert/ geplant;zu auditieren;offen
11;Wissenschaft, Innovation & Digitalisierung;8;Cyberresilienz und kritische Wissensinfrastruktur;cyberresilienz-und-kritische-wissensinfrastruktur;ja - umfangreich neu/ersetzt Kurzfassung;ja - umfangreich neu/ersetzt Kurzfassung;ja - Volltext;ja - Volltext;DOCX, optional PDF;Pflicht;Pflicht;Pflicht falls Tool existiert/ geplant;zu auditieren;offen
11;Wissenschaft, Innovation & Digitalisierung;9;Forschungsförderung, Wissensrat und Politikberatung;forschungsfoerderung-wissensrat-und-politikberatung;ja - umfangreich neu/ersetzt Kurzfassung;ja - umfangreich neu/ersetzt Kurzfassung;ja - Volltext;ja - Volltext;DOCX, optional PDF;Pflicht;Pflicht;Pflicht falls Tool existiert/ geplant;zu auditieren;offen
11;Wissenschaft, Innovation & Digitalisierung;10;Start-ups, Deep Tech und Wirkungsinnovation;start-ups-deep-tech-und-wirkungsinnovation;ja - umfangreich neu/ersetzt Kurzfassung;ja - umfangreich neu/ersetzt Kurzfassung;ja - Volltext;ja - Volltext;DOCX, optional PDF;Pflicht;Pflicht;Pflicht falls Tool existiert/ geplant;zu auditieren;offen
11;Wissenschaft, Innovation & Digitalisierung;11;Wissenschaftskommunikation und Vertrauensbildung;wissenschaftskommunikation-und-vertrauensbildung;ja - umfangreich neu/ersetzt Kurzfassung;ja - umfangreich neu/ersetzt Kurzfassung;ja - Volltext;ja - Volltext;DOCX, optional PDF;Pflicht;Pflicht;Pflicht falls Tool existiert/ geplant;zu auditieren;offen
11;Wissenschaft, Innovation & Digitalisierung;12;Digitale Teilhabe, Kompetenz und Bildung;digitale-teilhabe-kompetenz-und-bildung;ja - umfangreich neu/ersetzt Kurzfassung;ja - umfangreich neu/ersetzt Kurzfassung;ja - Volltext;ja - Volltext;DOCX, optional PDF;Pflicht;Pflicht;Pflicht falls Tool existiert/ geplant;zu auditieren;offen
12;Finanzsystem & Kapital;1;Kapital als Wirkungskraft;kapital-als-wirkungskraft;ja - umfangreich neu/ersetzt Kurzfassung;ja - umfangreich neu/ersetzt Kurzfassung;ja - Volltext;ja - Volltext;DOCX, optional PDF;Pflicht;Pflicht;Pflicht falls Tool existiert/ geplant;zu auditieren;offen
12;Finanzsystem & Kapital;2;Kapitalwirkung statt Kapitalrendite;kapitalwirkung-statt-kapitalrendite;ja - umfangreich neu/ersetzt Kurzfassung;ja - umfangreich neu/ersetzt Kurzfassung;ja - Volltext;ja - Volltext;DOCX, optional PDF;Pflicht;Pflicht;Pflicht falls Tool existiert/ geplant;zu auditieren;offen
12;Finanzsystem & Kapital;3;Portfolio-Wirkungsrating und Kapitalwirkungsindex;portfolio-wirkungsrating-und-kapitalwirkungsindex;ja - umfangreich neu/ersetzt Kurzfassung;ja - umfangreich neu/ersetzt Kurzfassung;ja - Volltext;ja - Volltext;DOCX, optional PDF;Pflicht;Pflicht;Pflicht falls Tool existiert/ geplant;zu auditieren;offen
12;Finanzsystem & Kapital;4;Banken, Wirkungskredite und EBA-Anschluss;banken-wirkungskredite-und-eba-anschluss;ja - umfangreich neu/ersetzt Kurzfassung;ja - umfangreich neu/ersetzt Kurzfassung;ja - Volltext;ja - Volltext;DOCX, optional PDF;Pflicht;Pflicht;Pflicht falls Tool existiert/ geplant;zu auditieren;offen
12;Finanzsystem & Kapital;5;Versicherungen, Versicherbarkeit und Resilienz;versicherungen-versicherbarkeit-und-resilienz;ja - umfangreich neu/ersetzt Kurzfassung;ja - umfangreich neu/ersetzt Kurzfassung;ja - Volltext;ja - Volltext;DOCX, optional PDF;Pflicht;Pflicht;Pflicht falls Tool existiert/ geplant;zu auditieren;offen
12;Finanzsystem & Kapital;6;ESG-Ratings, Börsen und Impact Exchange;esg-ratings-boersen-und-impact-exchange;ja - umfangreich neu/ersetzt Kurzfassung;ja - umfangreich neu/ersetzt Kurzfassung;ja - Volltext;ja - Volltext;DOCX, optional PDF;Pflicht;Pflicht;Pflicht falls Tool existiert/ geplant;zu auditieren;offen
12;Finanzsystem & Kapital;7;Wirkungsfonds als Dacharchitektur;wirkungsfonds-als-dacharchitektur;ja - umfangreich neu/ersetzt Kurzfassung;ja - umfangreich neu/ersetzt Kurzfassung;ja - Volltext;ja - Volltext;DOCX, optional PDF;Pflicht;Pflicht;Pflicht falls Tool existiert/ geplant;zu auditieren;offen
12;Finanzsystem & Kapital;8;Bürger:innenfonds, Wirkungsrente und Teilhabe am Kapital;buerger-innenfonds-wirkungsrente-und-teilhabe-am-kapital;ja - umfangreich neu/ersetzt Kurzfassung;ja - umfangreich neu/ersetzt Kurzfassung;ja - Volltext;ja - Volltext;DOCX, optional PDF;Pflicht;Pflicht;Pflicht falls Tool existiert/ geplant;zu auditieren;offen
12;Finanzsystem & Kapital;9;Steuer- und Abgabenarchitektur des Kapitals;steuer--und-abgabenarchitektur-des-kapitals;ja - umfangreich neu/ersetzt Kurzfassung;ja - umfangreich neu/ersetzt Kurzfassung;ja - Volltext;ja - Volltext;DOCX, optional PDF;Pflicht;Pflicht;Pflicht falls Tool existiert/ geplant;zu auditieren;offen
12;Finanzsystem & Kapital;10;Automatisierungsdividende und Maschinenwertschöpfung;automatisierungsdividende-und-maschinenwertschoepfung;ja - umfangreich neu/ersetzt Kurzfassung;ja - umfangreich neu/ersetzt Kurzfassung;ja - Volltext;ja - Volltext;DOCX, optional PDF;Pflicht;Pflicht;Pflicht falls Tool existiert/ geplant;zu auditieren;offen
12;Finanzsystem & Kapital;11;Wirkungsaufsicht, Kapitalmissbrauch und toxische Finanzprodukte;wirkungsaufsicht-kapitalmissbrauch-und-toxische-finanzprodukte;ja - umfangreich neu/ersetzt Kurzfassung;ja - umfangreich neu/ersetzt Kurzfassung;ja - Volltext;ja - Volltext;DOCX, optional PDF;Pflicht;Pflicht;Pflicht falls Tool existiert/ geplant;zu auditieren;offen
12;Finanzsystem & Kapital;12;Finanzkompetenz 2.0 und demokratische Kontrolle;finanzkompetenz-2.0-und-demokratische-kontrolle;ja - umfangreich neu/ersetzt Kurzfassung;ja - umfangreich neu/ersetzt Kurzfassung;ja - Volltext;ja - Volltext;DOCX, optional PDF;Pflicht;Pflicht;Pflicht falls Tool existiert/ geplant;zu auditieren;offen
13;Klima, Energie & Ressourcen;1;Klima als Wirkungsraum;klima-als-wirkungsraum;ja - umfangreich neu/ersetzt Kurzfassung;ja - umfangreich neu/ersetzt Kurzfassung;ja - Volltext;ja - Volltext;DOCX, optional PDF;Pflicht;Pflicht;Pflicht falls Tool existiert/ geplant;zu auditieren;offen
13;Klima, Energie & Ressourcen;2;Energie als Rückgrat der Wirkung;energie-als-rueckgrat-der-wirkung;ja - umfangreich neu/ersetzt Kurzfassung;ja - umfangreich neu/ersetzt Kurzfassung;ja - Volltext;ja - Volltext;DOCX, optional PDF;Pflicht;Pflicht;Pflicht falls Tool existiert/ geplant;zu auditieren;offen
13;Klima, Energie & Ressourcen;3;Ressourcen und Kreislaufwirtschaft;ressourcen-und-kreislaufwirtschaft;ja - umfangreich neu/ersetzt Kurzfassung;ja - umfangreich neu/ersetzt Kurzfassung;ja - Volltext;ja - Volltext;DOCX, optional PDF;Pflicht;Pflicht;Pflicht falls Tool existiert/ geplant;zu auditieren;offen
13;Klima, Energie & Ressourcen;4;Wasser, Boden und Biodiversität;wasser-boden-und-biodiversitaet;ja - umfangreich neu/ersetzt Kurzfassung;ja - umfangreich neu/ersetzt Kurzfassung;ja - Volltext;ja - Volltext;DOCX, optional PDF;Pflicht;Pflicht;Pflicht falls Tool existiert/ geplant;zu auditieren;offen
13;Klima, Energie & Ressourcen;5;Kritische Rohstoffe und strategische Autonomie;kritische-rohstoffe-und-strategische-autonomie;ja - umfangreich neu/ersetzt Kurzfassung;ja - umfangreich neu/ersetzt Kurzfassung;ja - Volltext;ja - Volltext;DOCX, optional PDF;Pflicht;Pflicht;Pflicht falls Tool existiert/ geplant;zu auditieren;offen
13;Klima, Energie & Ressourcen;6;Industrie, Materialien und harte Sektoren;industrie-materialien-und-harte-sektoren;ja - umfangreich neu/ersetzt Kurzfassung;ja - umfangreich neu/ersetzt Kurzfassung;ja - Volltext;ja - Volltext;DOCX, optional PDF;Pflicht;Pflicht;Pflicht falls Tool existiert/ geplant;zu auditieren;offen
13;Klima, Energie & Ressourcen;7;Kommunen, Anpassung und Klimafolgen;kommunen-anpassung-und-klimafolgen;ja - umfangreich neu/ersetzt Kurzfassung;ja - umfangreich neu/ersetzt Kurzfassung;ja - Volltext;ja - Volltext;DOCX, optional PDF;Pflicht;Pflicht;Pflicht falls Tool existiert/ geplant;zu auditieren;offen
13;Klima, Energie & Ressourcen;8;Regeneration und Natur als Infrastruktur;regeneration-und-natur-als-infrastruktur;ja - umfangreich neu/ersetzt Kurzfassung;ja - umfangreich neu/ersetzt Kurzfassung;ja - Volltext;ja - Volltext;DOCX, optional PDF;Pflicht;Pflicht;Pflicht falls Tool existiert/ geplant;zu auditieren;offen
13;Klima, Energie & Ressourcen;9;Energiearmut, Verteilung und gerechte Transformation;energiearmut-verteilung-und-gerechte-transformation;ja - umfangreich neu/ersetzt Kurzfassung;ja - umfangreich neu/ersetzt Kurzfassung;ja - Volltext;ja - Volltext;DOCX, optional PDF;Pflicht;Pflicht;Pflicht falls Tool existiert/ geplant;zu auditieren;offen
13;Klima, Energie & Ressourcen;10;Planetare Wirkungshaushalte und Wirkungsfonds;planetare-wirkungshaushalte-und-wirkungsfonds;ja - umfangreich neu/ersetzt Kurzfassung;ja - umfangreich neu/ersetzt Kurzfassung;ja - Volltext;ja - Volltext;DOCX, optional PDF;Pflicht;Pflicht;Pflicht falls Tool existiert/ geplant;zu auditieren;offen
13;Klima, Energie & Ressourcen;11;Produkt-, Gebäude- und Infrastrukturwirkung;produkt--gebaeude--und-infrastrukturwirkung;ja - umfangreich neu/ersetzt Kurzfassung;ja - umfangreich neu/ersetzt Kurzfassung;ja - Volltext;ja - Volltext;DOCX, optional PDF;Pflicht;Pflicht;Pflicht falls Tool existiert/ geplant;zu auditieren;offen
13;Klima, Energie & Ressourcen;12;Politische Anschlussfähigkeit Klima, Energie und Ressourcen;politische-anschlussfaehigkeit-klima-energie-und-ressourcen;ja - umfangreich neu/ersetzt Kurzfassung;ja - umfangreich neu/ersetzt Kurzfassung;ja - Volltext;ja - Volltext;DOCX, optional PDF;Pflicht;Pflicht;Pflicht falls Tool existiert/ geplant;zu auditieren;offen
