Gesamtfolge;Produktionspaket;Position im Paket;Phase;Phasentitel;Rang;Portal / Bereich;Unterbereich;Dokumenttyp;Priorität;Komplexität;Abhängigkeit / Vorleistung;Warum in dieser Reihenfolge;Slug;Status;Nächster Schritt
1;1;1;Phase 1;Referenzrahmen & Wirkungslogik;0;SDG-/SDG+-Referenzrahmen;SDGs und Agenda 2030 als globaler Referenzrahmen;Referenz-Detailkonzept;P1;mittel;"keine; Grundlage für alle späteren Portale";Alle späteren Konzepte brauchen diesen Bewertungsrahmen.;sdgs-und-agenda-2030-als-globaler-referenzrahmen;offen;"Echtes Detailkonzept im Referenzumfang ausarbeiten; danach Dossier und Online-Version ableiten."
2;1;2;Phase 1;Referenzrahmen & Wirkungslogik;0;SDG-/SDG+-Referenzrahmen;SDG+ als Erweiterung der Wirkungsökonomie;Referenz-Detailkonzept;P1;hoch;"keine; Grundlage für alle späteren Portale";Alle späteren Konzepte brauchen diesen Bewertungsrahmen.;sdg-als-erweiterung-der-wirkungsoekonomie;offen;"Echtes Detailkonzept im Referenzumfang ausarbeiten; danach Dossier und Online-Version ableiten."
3;1;3;Phase 1;Referenzrahmen & Wirkungslogik;0;SDG-/SDG+-Referenzrahmen;SDG-Unterziele global, Europa und Deutschland;Referenz-Detailkonzept;P1;hoch;"keine; Grundlage für alle späteren Portale";Alle späteren Konzepte brauchen diesen Bewertungsrahmen.;sdg-unterziele-global-europa-und-deutschland;offen;"Echtes Detailkonzept im Referenzumfang ausarbeiten; danach Dossier und Online-Version ableiten."
4;2;1;Phase 1;Referenzrahmen & Wirkungslogik;0;SDG-/SDG+-Referenzrahmen;Geschichte der SDGs, Vorlaeufer und Verhandlungsprozess;Referenz-Detailkonzept;P1;mittel;"keine; Grundlage für alle späteren Portale";Alle späteren Konzepte brauchen diesen Bewertungsrahmen.;geschichte-der-sdgs-vorlaeufer-und-verhandlungsprozess;offen;"Echtes Detailkonzept im Referenzumfang ausarbeiten; danach Dossier und Online-Version ableiten."
5;2;2;Phase 1;Referenzrahmen & Wirkungslogik;0;SDG-/SDG+-Referenzrahmen;SDGs als Risikomanagement und Finanzmarkt-Anschluss;Referenz-Detailkonzept;P1;mittel;"keine; Grundlage für alle späteren Portale";Alle späteren Konzepte brauchen diesen Bewertungsrahmen.;sdgs-als-risikomanagement-und-finanzmarkt-anschluss;offen;"Echtes Detailkonzept im Referenzumfang ausarbeiten; danach Dossier und Online-Version ableiten."
6;3;1;Phase 2;Produkte, WUStG & Preisrückkopplung;1;Produkte & Konsum / Wirkungsumsatzsteuer;Produkte als Wirkungsträger;Fach-Detailkonzept;P1;mittel;"SDG-/SDG+-Referenzrahmen; WÖk-IDs/Scorecards methodisch parallel";Der praktische Kern der Wirkungsökonomie wird an Preisen und Produkten sichtbar.;produkte-als-wirkungstraeger;offen;"Echtes Detailkonzept im Referenzumfang ausarbeiten; danach Dossier und Online-Version ableiten."
7;3;2;Phase 2;Produkte, WUStG & Preisrückkopplung;1;Produkte & Konsum / Wirkungsumsatzsteuer;Produktbesteuerung durch Wirkung;Fach-Detailkonzept;P1;mittel;"SDG-/SDG+-Referenzrahmen; WÖk-IDs/Scorecards methodisch parallel";Der praktische Kern der Wirkungsökonomie wird an Preisen und Produkten sichtbar.;produktbesteuerung-durch-wirkung;offen;"Echtes Detailkonzept im Referenzumfang ausarbeiten; danach Dossier und Online-Version ableiten."
8;3;3;Phase 2;Produkte, WUStG & Preisrückkopplung;1;Produkte & Konsum / Wirkungsumsatzsteuer;Wirkungsumsatzsteuer WUStG;Fach-Detailkonzept;P1;hoch;"SDG-/SDG+-Referenzrahmen; WÖk-IDs/Scorecards methodisch parallel";Der praktische Kern der Wirkungsökonomie wird an Preisen und Produkten sichtbar.;wirkungsumsatzsteuer-wustg;offen;"Echtes Detailkonzept im Referenzumfang ausarbeiten; danach Dossier und Online-Version ableiten."
9;4;1;Phase 2;Produkte, WUStG & Preisrückkopplung;1;Produkte & Konsum / Wirkungsumsatzsteuer;Lieferketten und Vorsteuerlogik;Fach-Detailkonzept;P1;mittel;"SDG-/SDG+-Referenzrahmen; WÖk-IDs/Scorecards methodisch parallel";Der praktische Kern der Wirkungsökonomie wird an Preisen und Produkten sichtbar.;lieferketten-und-vorsteuerlogik;offen;"Echtes Detailkonzept im Referenzumfang ausarbeiten; danach Dossier und Online-Version ableiten."
10;4;2;Phase 2;Produkte, WUStG & Preisrückkopplung;1;Produkte & Konsum / Wirkungsumsatzsteuer;Verbraucherinformation und Wirkungspunkte;Fach-Detailkonzept;P1;mittel;"SDG-/SDG+-Referenzrahmen; WÖk-IDs/Scorecards methodisch parallel";Der praktische Kern der Wirkungsökonomie wird an Preisen und Produkten sichtbar.;verbraucherinformation-und-wirkungspunkte;offen;"Echtes Detailkonzept im Referenzumfang ausarbeiten; danach Dossier und Online-Version ableiten."
11;5;1;Phase 3;Recht, Staat & demokratische Sicherung;3;Staat, Recht & Demokratie / WStG / Wirkungsrat;Staat als Wirkungsarchitektur;Fach-/Rechts-Detailkonzept;P1;mittel;"SDG-/SDG+-Referenzrahmen; WStG/WUStG-Logik; Wirkungsrat";Rechtliche Klammer, Governance und Schutz vor Technokratie.;staat-als-wirkungsarchitektur;offen;"Echtes Detailkonzept im Referenzumfang ausarbeiten; danach Dossier und Online-Version ableiten."
12;5;2;Phase 3;Recht, Staat & demokratische Sicherung;3;Staat, Recht & Demokratie / WStG / Wirkungsrat;Wirkungssteuergesetz WStG als Rahmengesetz;Fach-/Rechts-Detailkonzept;P1;hoch;"SDG-/SDG+-Referenzrahmen; WStG/WUStG-Logik; Wirkungsrat";Rechtliche Klammer, Governance und Schutz vor Technokratie.;wirkungssteuergesetz-wstg-als-rahmengesetz;offen;"Echtes Detailkonzept im Referenzumfang ausarbeiten; danach Dossier und Online-Version ableiten."
13;5;3;Phase 3;Recht, Staat & demokratische Sicherung;3;Staat, Recht & Demokratie / WStG / Wirkungsrat;Wirkungsrat und Governance;Fach-/Rechts-Detailkonzept;P1;hoch;"SDG-/SDG+-Referenzrahmen; WStG/WUStG-Logik; Wirkungsrat";Rechtliche Klammer, Governance und Schutz vor Technokratie.;wirkungsrat-und-governance;offen;"Echtes Detailkonzept im Referenzumfang ausarbeiten; danach Dossier und Online-Version ableiten."
14;6;1;Phase 3;Recht, Staat & demokratische Sicherung;3;Staat, Recht & Demokratie / WStG / Wirkungsrat;Wirkungshaushalt und öffentliche Mittel;Fach-/Rechts-Detailkonzept;P1;hoch;"SDG-/SDG+-Referenzrahmen; WStG/WUStG-Logik; Wirkungsrat";Rechtliche Klammer, Governance und Schutz vor Technokratie.;wirkungshaushalt-und-oeffentliche-mittel;offen;"Echtes Detailkonzept im Referenzumfang ausarbeiten; danach Dossier und Online-Version ableiten."
15;6;2;Phase 3;Recht, Staat & demokratische Sicherung;3;Staat, Recht & Demokratie / WStG / Wirkungsrat;Rechtsschutz, Verhältnismäßigkeit und Grundrechte;Fach-/Rechts-Detailkonzept;P1;hoch;"SDG-/SDG+-Referenzrahmen; WStG/WUStG-Logik; Wirkungsrat";Rechtliche Klammer, Governance und Schutz vor Technokratie.;rechtsschutz-verhaeltnismaessigkeit-und-grundrechte;offen;"Echtes Detailkonzept im Referenzumfang ausarbeiten; danach Dossier und Online-Version ableiten."
16;6;3;Phase 3;Recht, Staat & demokratische Sicherung;3;Staat, Recht & Demokratie / WStG / Wirkungsrat;Wirkungsprüfung von Gesetzen;Fach-/Rechts-Detailkonzept;P1;hoch;"SDG-/SDG+-Referenzrahmen; WStG/WUStG-Logik; Wirkungsrat";Rechtliche Klammer, Governance und Schutz vor Technokratie.;wirkungspruefung-von-gesetzen;offen;"Echtes Detailkonzept im Referenzumfang ausarbeiten; danach Dossier und Online-Version ableiten."
17;7;1;Phase 3;Recht, Staat & demokratische Sicherung;3;Staat, Recht & Demokratie / WStG / Wirkungsrat;Demokratie, Rechtsstaat und SDG+;Fach-/Rechts-Detailkonzept;P1;hoch;"SDG-/SDG+-Referenzrahmen; WStG/WUStG-Logik; Wirkungsrat";Rechtliche Klammer, Governance und Schutz vor Technokratie.;demokratie-rechtsstaat-und-sdg;offen;"Echtes Detailkonzept im Referenzumfang ausarbeiten; danach Dossier und Online-Version ableiten."
18;8;1;Phase 4;Finanzsystem, Wirkungsfonds & Steuerarchitektur;12;Finanzsystem & Kapital;Kapitalwirkung statt Kapitalrendite;Fach-Detailkonzept;P1;hoch;"WStG/WUStG; T-SROI/NWI/WÖk-IDs; Finanzmarktanforderungen";Finanzierung, Kapitalzugang, Fonds und Risiko sind Umsetzungshebel.;kapitalwirkung-statt-kapitalrendite;offen;"Echtes Detailkonzept im Referenzumfang ausarbeiten; danach Dossier und Online-Version ableiten."
19;8;2;Phase 4;Finanzsystem, Wirkungsfonds & Steuerarchitektur;12;Finanzsystem & Kapital;Wirkungsfonds als Dacharchitektur;Fach-Detailkonzept;P1;hoch;"WStG/WUStG; T-SROI/NWI/WÖk-IDs; Finanzmarktanforderungen";Finanzierung, Kapitalzugang, Fonds und Risiko sind Umsetzungshebel.;wirkungsfonds-als-dacharchitektur;offen;"Echtes Detailkonzept im Referenzumfang ausarbeiten; danach Dossier und Online-Version ableiten."
20;8;3;Phase 4;Finanzsystem, Wirkungsfonds & Steuerarchitektur;12;Finanzsystem & Kapital;Banken, Wirkungskredite und EBA-Anschluss;Fach-Detailkonzept;P1;hoch;"WStG/WUStG; T-SROI/NWI/WÖk-IDs; Finanzmarktanforderungen";Finanzierung, Kapitalzugang, Fonds und Risiko sind Umsetzungshebel.;banken-wirkungskredite-und-eba-anschluss;offen;"Echtes Detailkonzept im Referenzumfang ausarbeiten; danach Dossier und Online-Version ableiten."
21;9;1;Phase 4;Finanzsystem, Wirkungsfonds & Steuerarchitektur;12;Finanzsystem & Kapital;Versicherungen, Versicherbarkeit und Resilienz;Fach-Detailkonzept;P1;hoch;"WStG/WUStG; T-SROI/NWI/WÖk-IDs; Finanzmarktanforderungen";Finanzierung, Kapitalzugang, Fonds und Risiko sind Umsetzungshebel.;versicherungen-versicherbarkeit-und-resilienz;offen;"Echtes Detailkonzept im Referenzumfang ausarbeiten; danach Dossier und Online-Version ableiten."
22;9;2;Phase 4;Finanzsystem, Wirkungsfonds & Steuerarchitektur;12;Finanzsystem & Kapital;Portfolio-Wirkungsrating und Kapitalwirkungsindex;Fach-Detailkonzept;P1;hoch;"WStG/WUStG; T-SROI/NWI/WÖk-IDs; Finanzmarktanforderungen";Finanzierung, Kapitalzugang, Fonds und Risiko sind Umsetzungshebel.;portfolio-wirkungsrating-und-kapitalwirkungsindex;offen;"Echtes Detailkonzept im Referenzumfang ausarbeiten; danach Dossier und Online-Version ableiten."
23;9;3;Phase 4;Finanzsystem, Wirkungsfonds & Steuerarchitektur;12;Finanzsystem & Kapital;Steuer- und Abgabenarchitektur des Kapitals;Fach-Detailkonzept;P1;hoch;"WStG/WUStG; T-SROI/NWI/WÖk-IDs; Finanzmarktanforderungen";Finanzierung, Kapitalzugang, Fonds und Risiko sind Umsetzungshebel.;steuer--und-abgabenarchitektur-des-kapitals;offen;"Echtes Detailkonzept im Referenzumfang ausarbeiten; danach Dossier und Online-Version ableiten."
24;10;1;Phase 4;Finanzsystem, Wirkungsfonds & Steuerarchitektur;12;Finanzsystem & Kapital;Automatisierungsdividende und Maschinenwertschöpfung;Fach-Detailkonzept;P1;hoch;"WStG/WUStG; T-SROI/NWI/WÖk-IDs; Finanzmarktanforderungen";Finanzierung, Kapitalzugang, Fonds und Risiko sind Umsetzungshebel.;automatisierungsdividende-und-maschinenwertschoepfung;offen;"Echtes Detailkonzept im Referenzumfang ausarbeiten; danach Dossier und Online-Version ableiten."
25;10;2;Phase 4;Finanzsystem, Wirkungsfonds & Steuerarchitektur;12;Finanzsystem & Kapital;Wirkungsaufsicht, Kapitalmissbrauch und toxische Finanzprodukte;Fach-Detailkonzept;P1;hoch;"WStG/WUStG; T-SROI/NWI/WÖk-IDs; Finanzmarktanforderungen";Finanzierung, Kapitalzugang, Fonds und Risiko sind Umsetzungshebel.;wirkungsaufsicht-kapitalmissbrauch-und-toxische-finanzprodukte;offen;"Echtes Detailkonzept im Referenzumfang ausarbeiten; danach Dossier und Online-Version ableiten."
26;10;3;Phase 4;Finanzsystem, Wirkungsfonds & Steuerarchitektur;12;Finanzsystem & Kapital;ESG-Ratings, Börsen und Impact Exchange;Fach-Detailkonzept;P2;mittel/niedrig;"WStG/WUStG; T-SROI/NWI/WÖk-IDs; Finanzmarktanforderungen";Finanzierung, Kapitalzugang, Fonds und Risiko sind Umsetzungshebel.;esg-ratings-boersen-und-impact-exchange;offen;"Echtes Detailkonzept im Referenzumfang ausarbeiten; danach Dossier und Online-Version ableiten."
27;11;1;Phase 4;Finanzsystem, Wirkungsfonds & Steuerarchitektur;12;Finanzsystem & Kapital;Bürger:innenfonds, Wirkungsrente und Teilhabe am Kapital;Fach-Detailkonzept;P2;hoch;"WStG/WUStG; T-SROI/NWI/WÖk-IDs; Finanzmarktanforderungen";Finanzierung, Kapitalzugang, Fonds und Risiko sind Umsetzungshebel.;buerger-innenfonds-wirkungsrente-und-teilhabe-am-kapital;offen;"Echtes Detailkonzept im Referenzumfang ausarbeiten; danach Dossier und Online-Version ableiten."
28;11;2;Phase 4;Finanzsystem, Wirkungsfonds & Steuerarchitektur;12;Finanzsystem & Kapital;Finanzkompetenz 2.0 und demokratische Kontrolle;Fach-Detailkonzept;P2;mittel/niedrig;"WStG/WUStG; T-SROI/NWI/WÖk-IDs; Finanzmarktanforderungen";Finanzierung, Kapitalzugang, Fonds und Risiko sind Umsetzungshebel.;finanzkompetenz-2.0-und-demokratische-kontrolle;offen;"Echtes Detailkonzept im Referenzumfang ausarbeiten; danach Dossier und Online-Version ableiten."
29;12;1;Phase 5;Wirtschaft & Unternehmen;4;Wirtschaft & Unternehmen;Unternehmen als Wirkungssysteme;Fach-Detailkonzept;P1;mittel;"Produkte/WUStG; Impact Controlling; Finanzmarktanforderungen";Unternehmen setzen Daten, Lieferketten, Steuerung und Führung praktisch um.;unternehmen-als-wirkungssysteme;offen;"Echtes Detailkonzept im Referenzumfang ausarbeiten; danach Dossier und Online-Version ableiten."
30;12;2;Phase 5;Wirtschaft & Unternehmen;4;Wirtschaft & Unternehmen;Wirkungsorientierte Unternehmensführung;Fach-Detailkonzept;P1;mittel;"Produkte/WUStG; Impact Controlling; Finanzmarktanforderungen";Unternehmen setzen Daten, Lieferketten, Steuerung und Führung praktisch um.;wirkungsorientierte-unternehmensfuehrung;offen;"Echtes Detailkonzept im Referenzumfang ausarbeiten; danach Dossier und Online-Version ableiten."
31;12;3;Phase 5;Wirtschaft & Unternehmen;4;Wirtschaft & Unternehmen;Impact Controlling im Unternehmen;Fach-Detailkonzept;P1;mittel;"Produkte/WUStG; Impact Controlling; Finanzmarktanforderungen";Unternehmen setzen Daten, Lieferketten, Steuerung und Führung praktisch um.;impact-controlling-im-unternehmen;offen;"Echtes Detailkonzept im Referenzumfang ausarbeiten; danach Dossier und Online-Version ableiten."
32;13;1;Phase 5;Wirtschaft & Unternehmen;4;Wirtschaft & Unternehmen;Risikomanagement und Wirkungsrisiko;Fach-Detailkonzept;P1;mittel;"Produkte/WUStG; Impact Controlling; Finanzmarktanforderungen";Unternehmen setzen Daten, Lieferketten, Steuerung und Führung praktisch um.;risikomanagement-und-wirkungsrisiko;offen;"Echtes Detailkonzept im Referenzumfang ausarbeiten; danach Dossier und Online-Version ableiten."
33;13;2;Phase 5;Wirtschaft & Unternehmen;4;Wirtschaft & Unternehmen;Resiliente Wertschöpfungsketten;Fach-Detailkonzept;P1;mittel;"Produkte/WUStG; Impact Controlling; Finanzmarktanforderungen";Unternehmen setzen Daten, Lieferketten, Steuerung und Führung praktisch um.;resiliente-wertschoepfungsketten;offen;"Echtes Detailkonzept im Referenzumfang ausarbeiten; danach Dossier und Online-Version ableiten."
34;13;3;Phase 5;Wirtschaft & Unternehmen;4;Wirtschaft & Unternehmen;Einkauf, Lieferketten und Due Diligence;Fach-Detailkonzept;P1;mittel;"Produkte/WUStG; Impact Controlling; Finanzmarktanforderungen";Unternehmen setzen Daten, Lieferketten, Steuerung und Führung praktisch um.;einkauf-lieferketten-und-due-diligence;offen;"Echtes Detailkonzept im Referenzumfang ausarbeiten; danach Dossier und Online-Version ableiten."
35;14;1;Phase 5;Wirtschaft & Unternehmen;4;Wirtschaft & Unternehmen;Finanzmarktanforderungen, Banken, ESG-Ratings und Versicherungen;Fach-Detailkonzept;P1;hoch;"Produkte/WUStG; Impact Controlling; Finanzmarktanforderungen";Unternehmen setzen Daten, Lieferketten, Steuerung und Führung praktisch um.;finanzmarktanforderungen-banken-esg-ratings-und-versicherungen;offen;"Echtes Detailkonzept im Referenzumfang ausarbeiten; danach Dossier und Online-Version ableiten."
36;14;2;Phase 5;Wirtschaft & Unternehmen;4;Wirtschaft & Unternehmen;Produktentwicklung und Produktscorecards;Fach-Detailkonzept;P2;mittel/niedrig;"Produkte/WUStG; Impact Controlling; Finanzmarktanforderungen";Unternehmen setzen Daten, Lieferketten, Steuerung und Führung praktisch um.;produktentwicklung-und-produktscorecards;offen;"Echtes Detailkonzept im Referenzumfang ausarbeiten; danach Dossier und Online-Version ableiten."
37;14;3;Phase 5;Wirtschaft & Unternehmen;4;Wirtschaft & Unternehmen;Wirkungsorientierte Mitarbeiterführung;Fach-Detailkonzept;P2;mittel/niedrig;"Produkte/WUStG; Impact Controlling; Finanzmarktanforderungen";Unternehmen setzen Daten, Lieferketten, Steuerung und Führung praktisch um.;wirkungsorientierte-mitarbeiterfuehrung;offen;"Echtes Detailkonzept im Referenzumfang ausarbeiten; danach Dossier und Online-Version ableiten."
38;15;1;Phase 5;Wirtschaft & Unternehmen;4;Wirtschaft & Unternehmen;Organisation, Kultur und Wirkungskompetenz;Fach-Detailkonzept;P2;mittel/niedrig;"Produkte/WUStG; Impact Controlling; Finanzmarktanforderungen";Unternehmen setzen Daten, Lieferketten, Steuerung und Führung praktisch um.;organisation-kultur-und-wirkungskompetenz;offen;"Echtes Detailkonzept im Referenzumfang ausarbeiten; danach Dossier und Online-Version ableiten."
39;15;2;Phase 5;Wirtschaft & Unternehmen;4;Wirtschaft & Unternehmen;Marketing und das fünfte P Planet;Fach-Detailkonzept;P2;mittel/niedrig;"Produkte/WUStG; Impact Controlling; Finanzmarktanforderungen";Unternehmen setzen Daten, Lieferketten, Steuerung und Führung praktisch um.;marketing-und-das-fuenfte-p-planet;offen;"Echtes Detailkonzept im Referenzumfang ausarbeiten; danach Dossier und Online-Version ableiten."
40;16;1;Phase 6;Arbeit, Einkommen & Automatisierung;6;Arbeit & Einkommen / Automatisierung;Automatisierung und Maschinenleistung;Fach-Detailkonzept;P1;hoch;"WEstG; Sozialabgabenlogik; Finanzsystem/Wirkungsfonds";Automatisierung, Sozialabgaben und Wirkungseinkommen sind zentrale Systembrüche.;automatisierung-und-maschinenleistung;offen;"Echtes Detailkonzept im Referenzumfang ausarbeiten; danach Dossier und Online-Version ableiten."
41;16;2;Phase 6;Arbeit, Einkommen & Automatisierung;6;Arbeit & Einkommen / Automatisierung;Wirkungseinkommen;Fach-Detailkonzept;P1;hoch;"WEstG; Sozialabgabenlogik; Finanzsystem/Wirkungsfonds";Automatisierung, Sozialabgaben und Wirkungseinkommen sind zentrale Systembrüche.;wirkungseinkommen;offen;"Echtes Detailkonzept im Referenzumfang ausarbeiten; danach Dossier und Online-Version ableiten."
42;16;3;Phase 6;Arbeit, Einkommen & Automatisierung;6;Arbeit & Einkommen / Automatisierung;Wirkungseinkommensteuer WEstG;Fach-Detailkonzept;P1;hoch;"WEstG; Sozialabgabenlogik; Finanzsystem/Wirkungsfonds";Automatisierung, Sozialabgaben und Wirkungseinkommen sind zentrale Systembrüche.;wirkungseinkommensteuer-westg;offen;"Echtes Detailkonzept im Referenzumfang ausarbeiten; danach Dossier und Online-Version ableiten."
43;17;1;Phase 6;Arbeit, Einkommen & Automatisierung;6;Arbeit & Einkommen / Automatisierung;Sozialabgaben-Entkopplung;Fach-Detailkonzept;P1;hoch;"WEstG; Sozialabgabenlogik; Finanzsystem/Wirkungsfonds";Automatisierung, Sozialabgaben und Wirkungseinkommen sind zentrale Systembrüche.;sozialabgaben-entkopplung;offen;"Echtes Detailkonzept im Referenzumfang ausarbeiten; danach Dossier und Online-Version ableiten."
44;17;2;Phase 6;Arbeit, Einkommen & Automatisierung;6;Arbeit & Einkommen / Automatisierung;Maschinenwertschöpfungsbeitrag;Fach-Detailkonzept;P1;mittel;"WEstG; Sozialabgabenlogik; Finanzsystem/Wirkungsfonds";Automatisierung, Sozialabgaben und Wirkungseinkommen sind zentrale Systembrüche.;maschinenwertschoepfungsbeitrag;offen;"Echtes Detailkonzept im Referenzumfang ausarbeiten; danach Dossier und Online-Version ableiten."
45;17;3;Phase 6;Arbeit, Einkommen & Automatisierung;6;Arbeit & Einkommen / Automatisierung;Wirkungsdividende und Wirkungsfonds;Fach-Detailkonzept;P1;hoch;"WEstG; Sozialabgabenlogik; Finanzsystem/Wirkungsfonds";Automatisierung, Sozialabgaben und Wirkungseinkommen sind zentrale Systembrüche.;wirkungsdividende-und-wirkungsfonds;offen;"Echtes Detailkonzept im Referenzumfang ausarbeiten; danach Dossier und Online-Version ableiten."
46;18;1;Phase 6;Arbeit, Einkommen & Automatisierung;6;Arbeit & Einkommen / Automatisierung;Arbeit, Einkommen und Wirkung;Fach-Detailkonzept;P2;mittel/niedrig;"WEstG; Sozialabgabenlogik; Finanzsystem/Wirkungsfonds";Automatisierung, Sozialabgaben und Wirkungseinkommen sind zentrale Systembrüche.;arbeit-einkommen-und-wirkung;offen;"Echtes Detailkonzept im Referenzumfang ausarbeiten; danach Dossier und Online-Version ableiten."
47;18;2;Phase 6;Arbeit, Einkommen & Automatisierung;6;Arbeit & Einkommen / Automatisierung;Care, Bildung, Ehrenamt und Wirkleistung;Fach-Detailkonzept;P2;mittel/niedrig;"WEstG; Sozialabgabenlogik; Finanzsystem/Wirkungsfonds";Automatisierung, Sozialabgaben und Wirkungseinkommen sind zentrale Systembrüche.;care-bildung-ehrenamt-und-wirkleistung;offen;"Echtes Detailkonzept im Referenzumfang ausarbeiten; danach Dossier und Online-Version ableiten."
48;18;3;Phase 6;Arbeit, Einkommen & Automatisierung;6;Arbeit & Einkommen / Automatisierung;Übergang, Qualifizierung und Resilienz;Fach-Detailkonzept;P2;mittel/niedrig;"WEstG; Sozialabgabenlogik; Finanzsystem/Wirkungsfonds";Automatisierung, Sozialabgaben und Wirkungseinkommen sind zentrale Systembrüche.;uebergang-qualifizierung-und-resilienz;offen;"Echtes Detailkonzept im Referenzumfang ausarbeiten; danach Dossier und Online-Version ableiten."
49;19;1;Phase 6;Arbeit, Einkommen & Automatisierung;6;Arbeit & Einkommen / Automatisierung;Plattformen, Daten, KI und Arbeit;Fach-Detailkonzept;P2;mittel/niedrig;"WEstG; Sozialabgabenlogik; Finanzsystem/Wirkungsfonds";Automatisierung, Sozialabgaben und Wirkungseinkommen sind zentrale Systembrüche.;plattformen-daten-ki-und-arbeit;offen;"Echtes Detailkonzept im Referenzumfang ausarbeiten; danach Dossier und Online-Version ableiten."
50;20;1;Phase 7;Rente & soziale Sicherung;7;Rente & soziale Sicherung;Wirkungsrente und Lebenswirkungs-Konto;Fach-Detailkonzept;P1;hoch;"Arbeit/Einkommen; Wirkungsfonds; Lebenswirkungs-Konto";Die soziale Sicherung folgt aus Arbeit, Kapital und Wirkung.;wirkungsrente-und-lebenswirkungs-konto;offen;"Echtes Detailkonzept im Referenzumfang ausarbeiten; danach Dossier und Online-Version ableiten."
51;20;2;Phase 7;Rente & soziale Sicherung;7;Rente & soziale Sicherung;Wirkungsfonds Alters- und Sozialstabilität;Fach-Detailkonzept;P1;hoch;"Arbeit/Einkommen; Wirkungsfonds; Lebenswirkungs-Konto";Die soziale Sicherung folgt aus Arbeit, Kapital und Wirkung.;wirkungsfonds-alters--und-sozialstabilitaet;offen;"Echtes Detailkonzept im Referenzumfang ausarbeiten; danach Dossier und Online-Version ableiten."
52;20;3;Phase 7;Rente & soziale Sicherung;7;Rente & soziale Sicherung;Demografische Resilienz und Automatisierung;Fach-Detailkonzept;P1;hoch;"Arbeit/Einkommen; Wirkungsfonds; Lebenswirkungs-Konto";Die soziale Sicherung folgt aus Arbeit, Kapital und Wirkung.;demografische-resilienz-und-automatisierung;offen;"Echtes Detailkonzept im Referenzumfang ausarbeiten; danach Dossier und Online-Version ableiten."
53;21;1;Phase 7;Rente & soziale Sicherung;7;Rente & soziale Sicherung;Übergang vom Umlagesystem zur Wirkungsarchitektur;Fach-Detailkonzept;P1;mittel;"Arbeit/Einkommen; Wirkungsfonds; Lebenswirkungs-Konto";Die soziale Sicherung folgt aus Arbeit, Kapital und Wirkung.;uebergang-vom-umlagesystem-zur-wirkungsarchitektur;offen;"Echtes Detailkonzept im Referenzumfang ausarbeiten; danach Dossier und Online-Version ableiten."
54;21;2;Phase 7;Rente & soziale Sicherung;7;Rente & soziale Sicherung;Private und betriebliche Vorsorge unter Wirkungsbedingungen;Fach-Detailkonzept;P2;mittel/niedrig;"Arbeit/Einkommen; Wirkungsfonds; Lebenswirkungs-Konto";Die soziale Sicherung folgt aus Arbeit, Kapital und Wirkung.;private-und-betriebliche-vorsorge-unter-wirkungsbedingungen;offen;"Echtes Detailkonzept im Referenzumfang ausarbeiten; danach Dossier und Online-Version ableiten."
55;21;3;Phase 7;Rente & soziale Sicherung;7;Rente & soziale Sicherung;Altersarmut, Teilhabe, Gesundheit und Wohnen im Alter;Fach-Detailkonzept;P2;mittel/niedrig;"Arbeit/Einkommen; Wirkungsfonds; Lebenswirkungs-Konto";Die soziale Sicherung folgt aus Arbeit, Kapital und Wirkung.;altersarmut-teilhabe-gesundheit-und-wohnen-im-alter;offen;"Echtes Detailkonzept im Referenzumfang ausarbeiten; danach Dossier und Online-Version ableiten."
56;22;1;Phase 7;Rente & soziale Sicherung;7;Rente & soziale Sicherung;Lebensleistung, Care und Ehrenamt;Fach-Detailkonzept;P2;mittel/niedrig;"Arbeit/Einkommen; Wirkungsfonds; Lebenswirkungs-Konto";Die soziale Sicherung folgt aus Arbeit, Kapital und Wirkung.;lebensleistung-care-und-ehrenamt;offen;"Echtes Detailkonzept im Referenzumfang ausarbeiten; danach Dossier und Online-Version ableiten."
57;23;1;Phase 8;Wohnen & Stadt;5;Wohnen & Stadt;Investor:innen, Vermieter:innen und Eigentümer:innen;Fach-Detailkonzept;P1;mittel;"Kapitalwirkung; WIX-Wohn; Wohnen-Basis; Investor:innen-Dokument als Referenz";Wohnen ist gesellschaftlich greifbar und verbindet Kapital, Stadt, Energie, Teilhabe.;investor-innen-vermieter-innen-und-eigentuemer-innen;offen;"Echtes Detailkonzept im Referenzumfang ausarbeiten; danach Dossier und Online-Version ableiten."
58;23;2;Phase 8;Wohnen & Stadt;5;Wohnen & Stadt;Miete und Bezahlbarkeit;Fach-Detailkonzept;P1;mittel;"Kapitalwirkung; WIX-Wohn; Wohnen-Basis; Investor:innen-Dokument als Referenz";Wohnen ist gesellschaftlich greifbar und verbindet Kapital, Stadt, Energie, Teilhabe.;miete-und-bezahlbarkeit;offen;"Echtes Detailkonzept im Referenzumfang ausarbeiten; danach Dossier und Online-Version ableiten."
59;23;3;Phase 8;Wohnen & Stadt;5;Wohnen & Stadt;Spekulationsschutz und Bodenpolitik;Fach-Detailkonzept;P1;mittel;"Kapitalwirkung; WIX-Wohn; Wohnen-Basis; Investor:innen-Dokument als Referenz";Wohnen ist gesellschaftlich greifbar und verbindet Kapital, Stadt, Energie, Teilhabe.;spekulationsschutz-und-bodenpolitik;offen;"Echtes Detailkonzept im Referenzumfang ausarbeiten; danach Dossier und Online-Version ableiten."
60;24;1;Phase 8;Wohnen & Stadt;5;Wohnen & Stadt;Sanierung, Energie und Warmmietenneutralität;Fach-Detailkonzept;P1;mittel;"Kapitalwirkung; WIX-Wohn; Wohnen-Basis; Investor:innen-Dokument als Referenz";Wohnen ist gesellschaftlich greifbar und verbindet Kapital, Stadt, Energie, Teilhabe.;sanierung-energie-und-warmmietenneutralitaet;offen;"Echtes Detailkonzept im Referenzumfang ausarbeiten; danach Dossier und Online-Version ableiten."
61;24;2;Phase 8;Wohnen & Stadt;5;Wohnen & Stadt;Stranded Assets im Wohnungsmarkt;Fach-Detailkonzept;P1;mittel;"Kapitalwirkung; WIX-Wohn; Wohnen-Basis; Investor:innen-Dokument als Referenz";Wohnen ist gesellschaftlich greifbar und verbindet Kapital, Stadt, Energie, Teilhabe.;stranded-assets-im-wohnungsmarkt;offen;"Echtes Detailkonzept im Referenzumfang ausarbeiten; danach Dossier und Online-Version ableiten."
62;24;3;Phase 8;Wohnen & Stadt;5;Wohnen & Stadt;Wohnen als Wirkungsraum;Fach-Detailkonzept;P2;mittel/niedrig;"Kapitalwirkung; WIX-Wohn; Wohnen-Basis; Investor:innen-Dokument als Referenz";Wohnen ist gesellschaftlich greifbar und verbindet Kapital, Stadt, Energie, Teilhabe.;wohnen-als-wirkungsraum;offen;"Echtes Detailkonzept im Referenzumfang ausarbeiten; danach Dossier und Online-Version ableiten."
63;25;1;Phase 8;Wohnen & Stadt;5;Wohnen & Stadt;Gebäude- und Quartierswirkung;Fach-Detailkonzept;P2;mittel/niedrig;"Kapitalwirkung; WIX-Wohn; Wohnen-Basis; Investor:innen-Dokument als Referenz";Wohnen ist gesellschaftlich greifbar und verbindet Kapital, Stadt, Energie, Teilhabe.;gebaeude--und-quartierswirkung;offen;"Echtes Detailkonzept im Referenzumfang ausarbeiten; danach Dossier und Online-Version ableiten."
64;25;2;Phase 8;Wohnen & Stadt;5;Wohnen & Stadt;Kommunale Wohnungspolitik und Wohnwirkungshaushalt;Fach-Detailkonzept;P2;hoch;"Kapitalwirkung; WIX-Wohn; Wohnen-Basis; Investor:innen-Dokument als Referenz";Wohnen ist gesellschaftlich greifbar und verbindet Kapital, Stadt, Energie, Teilhabe.;kommunale-wohnungspolitik-und-wohnwirkungshaushalt;offen;"Echtes Detailkonzept im Referenzumfang ausarbeiten; danach Dossier und Online-Version ableiten."
65;26;1;Phase 9;Bildung & Wirkungsschule;8;Bildung / Wirkungsschule;Bildung als Wirkungsinfrastruktur;Fach-Detailkonzept;P1;mittel;"SDG 4; Wirkungskompetenz; Bildungsportal";Bildung ist eigenständiges Großkonzept und braucht die vorherige Wirkungslogik.;bildung-als-wirkungsinfrastruktur;offen;"Echtes Detailkonzept im Referenzumfang ausarbeiten; danach Dossier und Online-Version ableiten."
66;26;2;Phase 9;Bildung & Wirkungsschule;8;Bildung / Wirkungsschule;Die Wirkungsschule;Fach-Detailkonzept;P1;mittel;"SDG 4; Wirkungskompetenz; Bildungsportal";Bildung ist eigenständiges Großkonzept und braucht die vorherige Wirkungslogik.;die-wirkungsschule;offen;"Echtes Detailkonzept im Referenzumfang ausarbeiten; danach Dossier und Online-Version ableiten."
67;26;3;Phase 9;Bildung & Wirkungsschule;8;Bildung / Wirkungsschule;Wirkungspädagogik;Fach-Detailkonzept;P1;mittel;"SDG 4; Wirkungskompetenz; Bildungsportal";Bildung ist eigenständiges Großkonzept und braucht die vorherige Wirkungslogik.;wirkungspaedagogik;offen;"Echtes Detailkonzept im Referenzumfang ausarbeiten; danach Dossier und Online-Version ableiten."
68;27;1;Phase 9;Bildung & Wirkungsschule;8;Bildung / Wirkungsschule;Fach oder Lernfeld Zukunft;Fach-Detailkonzept;P1;mittel;"SDG 4; Wirkungskompetenz; Bildungsportal";Bildung ist eigenständiges Großkonzept und braucht die vorherige Wirkungslogik.;fach-oder-lernfeld-zukunft;offen;"Echtes Detailkonzept im Referenzumfang ausarbeiten; danach Dossier und Online-Version ableiten."
69;27;2;Phase 9;Bildung & Wirkungsschule;8;Bildung / Wirkungsschule;Bewertung, Noten und Wirkungsportfolio;Fach-Detailkonzept;P1;mittel;"SDG 4; Wirkungskompetenz; Bildungsportal";Bildung ist eigenständiges Großkonzept und braucht die vorherige Wirkungslogik.;bewertung-noten-und-wirkungsportfolio;offen;"Echtes Detailkonzept im Referenzumfang ausarbeiten; danach Dossier und Online-Version ableiten."
70;27;3;Phase 9;Bildung & Wirkungsschule;8;Bildung / Wirkungsschule;Wirkungsförderung und Nachhilfe ausserhalb der Schule;Fach-Detailkonzept;P1;mittel;"SDG 4; Wirkungskompetenz; Bildungsportal";Bildung ist eigenständiges Großkonzept und braucht die vorherige Wirkungslogik.;wirkungsfoerderung-und-nachhilfe-ausserhalb-der-schule;offen;"Echtes Detailkonzept im Referenzumfang ausarbeiten; danach Dossier und Online-Version ableiten."
71;28;1;Phase 9;Bildung & Wirkungsschule;8;Bildung / Wirkungsschule;Fächer neu denken und vernetzen;Fach-Detailkonzept;P2;mittel/niedrig;"SDG 4; Wirkungskompetenz; Bildungsportal";Bildung ist eigenständiges Großkonzept und braucht die vorherige Wirkungslogik.;faecher-neu-denken-und-vernetzen;offen;"Echtes Detailkonzept im Referenzumfang ausarbeiten; danach Dossier und Online-Version ableiten."
72;28;2;Phase 9;Bildung & Wirkungsschule;8;Bildung / Wirkungsschule;Digitale Mündigkeit und KI-Kompetenz;Fach-Detailkonzept;P2;mittel/niedrig;"SDG 4; Wirkungskompetenz; Bildungsportal";Bildung ist eigenständiges Großkonzept und braucht die vorherige Wirkungslogik.;digitale-muendigkeit-und-ki-kompetenz;offen;"Echtes Detailkonzept im Referenzumfang ausarbeiten; danach Dossier und Online-Version ableiten."
73;28;3;Phase 9;Bildung & Wirkungsschule;8;Bildung / Wirkungsschule;Demokratie-, Medien- und Wirkungskompetenz;Fach-Detailkonzept;P2;mittel/niedrig;"SDG 4; Wirkungskompetenz; Bildungsportal";Bildung ist eigenständiges Großkonzept und braucht die vorherige Wirkungslogik.;demokratie--medien--und-wirkungskompetenz;offen;"Echtes Detailkonzept im Referenzumfang ausarbeiten; danach Dossier und Online-Version ableiten."
74;29;1;Phase 9;Bildung & Wirkungsschule;8;Bildung / Wirkungsschule;Schule als Lebens-, Gesundheits- und Wirkungsraum;Fach-Detailkonzept;P2;mittel/niedrig;"SDG 4; Wirkungskompetenz; Bildungsportal";Bildung ist eigenständiges Großkonzept und braucht die vorherige Wirkungslogik.;schule-als-lebens--gesundheits--und-wirkungsraum;offen;"Echtes Detailkonzept im Referenzumfang ausarbeiten; danach Dossier und Online-Version ableiten."
75;29;2;Phase 9;Bildung & Wirkungsschule;8;Bildung / Wirkungsschule;Inklusion, Vielfalt, Migration und Begabung;Fach-Detailkonzept;P2;mittel/niedrig;"SDG 4; Wirkungskompetenz; Bildungsportal";Bildung ist eigenständiges Großkonzept und braucht die vorherige Wirkungslogik.;inklusion-vielfalt-migration-und-begabung;offen;"Echtes Detailkonzept im Referenzumfang ausarbeiten; danach Dossier und Online-Version ableiten."
76;29;3;Phase 9;Bildung & Wirkungsschule;8;Bildung / Wirkungsschule;Lehrkräfte, Schulleitung, Teams und Bildungsnetzwerke;Fach-Detailkonzept;P2;mittel/niedrig;"SDG 4; Wirkungskompetenz; Bildungsportal";Bildung ist eigenständiges Großkonzept und braucht die vorherige Wirkungslogik.;lehrkraefte-schulleitung-teams-und-bildungsnetzwerke;offen;"Echtes Detailkonzept im Referenzumfang ausarbeiten; danach Dossier und Online-Version ableiten."
77;30;1;Phase 10;Medien & Öffentlichkeit;9;Medien, Social Media, Journalismus & Öffentlichkeit;Medien und Öffentlichkeit als Wirkungsraum;Fach-Detailkonzept;P1;mittel;"SDG+ Demokratie/Medien; Plattform- und Medienrecht";SDG+ wird in Öffentlichkeit, Wahrheit und Demokratie praktisch sichtbar.;medien-und-oeffentlichkeit-als-wirkungsraum;offen;"Echtes Detailkonzept im Referenzumfang ausarbeiten; danach Dossier und Online-Version ableiten."
78;30;2;Phase 10;Medien & Öffentlichkeit;9;Medien, Social Media, Journalismus & Öffentlichkeit;Journalismus Wirkung statt Klicks;Fach-Detailkonzept;P1;mittel;"SDG+ Demokratie/Medien; Plattform- und Medienrecht";SDG+ wird in Öffentlichkeit, Wahrheit und Demokratie praktisch sichtbar.;journalismus-wirkung-statt-klicks;offen;"Echtes Detailkonzept im Referenzumfang ausarbeiten; danach Dossier und Online-Version ableiten."
79;30;3;Phase 10;Medien & Öffentlichkeit;9;Medien, Social Media, Journalismus & Öffentlichkeit;Plattformen und Social Media;Fach-Detailkonzept;P1;mittel;"SDG+ Demokratie/Medien; Plattform- und Medienrecht";SDG+ wird in Öffentlichkeit, Wahrheit und Demokratie praktisch sichtbar.;plattformen-und-social-media;offen;"Echtes Detailkonzept im Referenzumfang ausarbeiten; danach Dossier und Online-Version ableiten."
80;31;1;Phase 10;Medien & Öffentlichkeit;9;Medien, Social Media, Journalismus & Öffentlichkeit;Sprache, Frames und Diskurskultur;Fach-Detailkonzept;P1;mittel;"SDG+ Demokratie/Medien; Plattform- und Medienrecht";SDG+ wird in Öffentlichkeit, Wahrheit und Demokratie praktisch sichtbar.;sprache-frames-und-diskurskultur;offen;"Echtes Detailkonzept im Referenzumfang ausarbeiten; danach Dossier und Online-Version ableiten."
81;31;2;Phase 10;Medien & Öffentlichkeit;9;Medien, Social Media, Journalismus & Öffentlichkeit;Desinformation, Deepfakes und hybride Einflussnahme;Fach-Detailkonzept;P1;mittel;"SDG+ Demokratie/Medien; Plattform- und Medienrecht";SDG+ wird in Öffentlichkeit, Wahrheit und Demokratie praktisch sichtbar.;desinformation-deepfakes-und-hybride-einflussnahme;offen;"Echtes Detailkonzept im Referenzumfang ausarbeiten; danach Dossier und Online-Version ableiten."
82;31;3;Phase 10;Medien & Öffentlichkeit;9;Medien, Social Media, Journalismus & Öffentlichkeit;Algorithmische Verstärkung und Aufmerksamkeitsökonomie;Fach-Detailkonzept;P1;mittel;"SDG+ Demokratie/Medien; Plattform- und Medienrecht";SDG+ wird in Öffentlichkeit, Wahrheit und Demokratie praktisch sichtbar.;algorithmische-verstaerkung-und-aufmerksamkeitsoekonomie;offen;"Echtes Detailkonzept im Referenzumfang ausarbeiten; danach Dossier und Online-Version ableiten."
83;32;1;Phase 10;Medien & Öffentlichkeit;9;Medien, Social Media, Journalismus & Öffentlichkeit;Medienrecht, Plattformaufsicht und digitale Grundrechte;Fach-Detailkonzept;P1;mittel;"SDG+ Demokratie/Medien; Plattform- und Medienrecht";SDG+ wird in Öffentlichkeit, Wahrheit und Demokratie praktisch sichtbar.;medienrecht-plattformaufsicht-und-digitale-grundrechte;offen;"Echtes Detailkonzept im Referenzumfang ausarbeiten; danach Dossier und Online-Version ableiten."
84;32;2;Phase 10;Medien & Öffentlichkeit;9;Medien, Social Media, Journalismus & Öffentlichkeit;Resiliente Öffentlichkeit und Krisenkommunikation;Fach-Detailkonzept;P2;mittel/niedrig;"SDG+ Demokratie/Medien; Plattform- und Medienrecht";SDG+ wird in Öffentlichkeit, Wahrheit und Demokratie praktisch sichtbar.;resiliente-oeffentlichkeit-und-krisenkommunikation;offen;"Echtes Detailkonzept im Referenzumfang ausarbeiten; danach Dossier und Online-Version ableiten."
85;32;3;Phase 10;Medien & Öffentlichkeit;9;Medien, Social Media, Journalismus & Öffentlichkeit;Politische Kommunikation, Wahlkampf und öffentliche Verantwortung;Fach-Detailkonzept;P2;mittel/niedrig;"SDG+ Demokratie/Medien; Plattform- und Medienrecht";SDG+ wird in Öffentlichkeit, Wahrheit und Demokratie praktisch sichtbar.;politische-kommunikation-wahlkampf-und-oeffentliche-verantwortung;offen;"Echtes Detailkonzept im Referenzumfang ausarbeiten; danach Dossier und Online-Version ableiten."
86;33;1;Phase 10;Medien & Öffentlichkeit;9;Medien, Social Media, Journalismus & Öffentlichkeit;Creator:innen, Hosts und Influencer:innen;Fach-Detailkonzept;P2;mittel/niedrig;"SDG+ Demokratie/Medien; Plattform- und Medienrecht";SDG+ wird in Öffentlichkeit, Wahrheit und Demokratie praktisch sichtbar.;creator-innen-hosts-und-influencer-innen;offen;"Echtes Detailkonzept im Referenzumfang ausarbeiten; danach Dossier und Online-Version ableiten."
87;33;2;Phase 10;Medien & Öffentlichkeit;9;Medien, Social Media, Journalismus & Öffentlichkeit;Medienkompetenz, Quellenklarheit und Wirkungskompetenz;Fach-Detailkonzept;P2;mittel/niedrig;"SDG+ Demokratie/Medien; Plattform- und Medienrecht";SDG+ wird in Öffentlichkeit, Wahrheit und Demokratie praktisch sichtbar.;medienkompetenz-quellenklarheit-und-wirkungskompetenz;offen;"Echtes Detailkonzept im Referenzumfang ausarbeiten; danach Dossier und Online-Version ableiten."
88;33;3;Phase 10;Medien & Öffentlichkeit;9;Medien, Social Media, Journalismus & Öffentlichkeit;Medienvielfalt, Lokaljournalismus und Finanzierung;Fach-Detailkonzept;P2;mittel/niedrig;"SDG+ Demokratie/Medien; Plattform- und Medienrecht";SDG+ wird in Öffentlichkeit, Wahrheit und Demokratie praktisch sichtbar.;medienvielfalt-lokaljournalismus-und-finanzierung;offen;"Echtes Detailkonzept im Referenzumfang ausarbeiten; danach Dossier und Online-Version ableiten."
89;34;1;Phase 11;Gesundheit & Pflege;10;Gesundheit & Pflege;Gesundheit als gesellschaftliches Wirkungsfeld;Fach-Detailkonzept;P1;mittel;"Gesundheitssystem; Präventionslogik; Datenschutz/EHDS";Gesundheit und Pflege brauchen sorgfältige Quellen- und Abgrenzungsarbeit.;gesundheit-als-gesellschaftliches-wirkungsfeld;offen;"Echtes Detailkonzept im Referenzumfang ausarbeiten; danach Dossier und Online-Version ableiten."
90;34;2;Phase 11;Gesundheit & Pflege;10;Gesundheit & Pflege;Prävention, Gesundheitskassen und Wirkungshaushalt;Fach-Detailkonzept;P1;hoch;"Gesundheitssystem; Präventionslogik; Datenschutz/EHDS";Gesundheit und Pflege brauchen sorgfältige Quellen- und Abgrenzungsarbeit.;praevention-gesundheitskassen-und-wirkungshaushalt;offen;"Echtes Detailkonzept im Referenzumfang ausarbeiten; danach Dossier und Online-Version ableiten."
91;34;3;Phase 11;Gesundheit & Pflege;10;Gesundheit & Pflege;Pflege als Wirkleistung und Pflegeökosystem;Fach-Detailkonzept;P1;mittel;"Gesundheitssystem; Präventionslogik; Datenschutz/EHDS";Gesundheit und Pflege brauchen sorgfältige Quellen- und Abgrenzungsarbeit.;pflege-als-wirkleistung-und-pflegeoekosystem;offen;"Echtes Detailkonzept im Referenzumfang ausarbeiten; danach Dossier und Online-Version ableiten."
92;35;1;Phase 11;Gesundheit & Pflege;10;Gesundheit & Pflege;Versorgungsräume, Kliniken und Gesundheitsnetzwerke;Fach-Detailkonzept;P1;mittel;"Gesundheitssystem; Präventionslogik; Datenschutz/EHDS";Gesundheit und Pflege brauchen sorgfältige Quellen- und Abgrenzungsarbeit.;versorgungsraeume-kliniken-und-gesundheitsnetzwerke;offen;"Echtes Detailkonzept im Referenzumfang ausarbeiten; danach Dossier und Online-Version ableiten."
93;35;2;Phase 11;Gesundheit & Pflege;10;Gesundheit & Pflege;Psychische Gesundheit und soziale Stabilität;Fach-Detailkonzept;P1;mittel;"Gesundheitssystem; Präventionslogik; Datenschutz/EHDS";Gesundheit und Pflege brauchen sorgfältige Quellen- und Abgrenzungsarbeit.;psychische-gesundheit-und-soziale-stabilitaet;offen;"Echtes Detailkonzept im Referenzumfang ausarbeiten; danach Dossier und Online-Version ableiten."
94;35;3;Phase 11;Gesundheit & Pflege;10;Gesundheit & Pflege;Gesundheitsdaten, KI und Bürgerkontrolle;Fach-Detailkonzept;P1;mittel;"Gesundheitssystem; Präventionslogik; Datenschutz/EHDS";Gesundheit und Pflege brauchen sorgfältige Quellen- und Abgrenzungsarbeit.;gesundheitsdaten-ki-und-buergerkontrolle;offen;"Echtes Detailkonzept im Referenzumfang ausarbeiten; danach Dossier und Online-Version ableiten."
95;36;1;Phase 11;Gesundheit & Pflege;10;Gesundheit & Pflege;Finanzierung, Wirkungsfonds und Gesundheitskassen;Fach-Detailkonzept;P1;hoch;"Gesundheitssystem; Präventionslogik; Datenschutz/EHDS";Gesundheit und Pflege brauchen sorgfältige Quellen- und Abgrenzungsarbeit.;finanzierung-wirkungsfonds-und-gesundheitskassen;offen;"Echtes Detailkonzept im Referenzumfang ausarbeiten; danach Dossier und Online-Version ableiten."
96;36;2;Phase 11;Gesundheit & Pflege;10;Gesundheit & Pflege;Gesundheitsgerechtigkeit, Inklusion und Migration;Fach-Detailkonzept;P2;mittel/niedrig;"Gesundheitssystem; Präventionslogik; Datenschutz/EHDS";Gesundheit und Pflege brauchen sorgfältige Quellen- und Abgrenzungsarbeit.;gesundheitsgerechtigkeit-inklusion-und-migration;offen;"Echtes Detailkonzept im Referenzumfang ausarbeiten; danach Dossier und Online-Version ableiten."
97;36;3;Phase 11;Gesundheit & Pflege;10;Gesundheit & Pflege;One Health, Klima, Umwelt und Ernährung;Fach-Detailkonzept;P2;mittel/niedrig;"Gesundheitssystem; Präventionslogik; Datenschutz/EHDS";Gesundheit und Pflege brauchen sorgfältige Quellen- und Abgrenzungsarbeit.;one-health-klima-umwelt-und-ernaehrung;offen;"Echtes Detailkonzept im Referenzumfang ausarbeiten; danach Dossier und Online-Version ableiten."
98;37;1;Phase 11;Gesundheit & Pflege;10;Gesundheit & Pflege;Arbeitswelt, Unternehmen und Gesundheitswirkung;Fach-Detailkonzept;P2;mittel/niedrig;"Gesundheitssystem; Präventionslogik; Datenschutz/EHDS";Gesundheit und Pflege brauchen sorgfältige Quellen- und Abgrenzungsarbeit.;arbeitswelt-unternehmen-und-gesundheitswirkung;offen;"Echtes Detailkonzept im Referenzumfang ausarbeiten; danach Dossier und Online-Version ableiten."
99;37;2;Phase 11;Gesundheit & Pflege;10;Gesundheit & Pflege;Fachkräfte, Migration, Robotik und Pflegeentlastung;Fach-Detailkonzept;P2;mittel/niedrig;"Gesundheitssystem; Präventionslogik; Datenschutz/EHDS";Gesundheit und Pflege brauchen sorgfältige Quellen- und Abgrenzungsarbeit.;fachkraefte-migration-robotik-und-pflegeentlastung;offen;"Echtes Detailkonzept im Referenzumfang ausarbeiten; danach Dossier und Online-Version ableiten."
100;38;1;Phase 12;Wissenschaft, Innovation & Digitalisierung;11;Wissenschaft, Innovation & Digitalisierung;Wissenschaft als Wirkungsinfrastruktur;Fach-Detailkonzept;P1;mittel;"Datenräume, KI, Wissenschaftslogik; Open Science";Datenräume, KI, Wissenschaft und Innovation stützen alle Fachportale.;wissenschaft-als-wirkungsinfrastruktur;offen;"Echtes Detailkonzept im Referenzumfang ausarbeiten; danach Dossier und Online-Version ableiten."
101;38;2;Phase 12;Wissenschaft, Innovation & Digitalisierung;11;Wissenschaft, Innovation & Digitalisierung;Open Science, Replikation und Forschungsintegrität;Fach-Detailkonzept;P1;mittel;"Datenräume, KI, Wissenschaftslogik; Open Science";Datenräume, KI, Wissenschaft und Innovation stützen alle Fachportale.;open-science-replikation-und-forschungsintegritaet;offen;"Echtes Detailkonzept im Referenzumfang ausarbeiten; danach Dossier und Online-Version ableiten."
102;38;3;Phase 12;Wissenschaft, Innovation & Digitalisierung;11;Wissenschaft, Innovation & Digitalisierung;Wirkungsorientierte Forschung und Missionen;Fach-Detailkonzept;P1;mittel;"Datenräume, KI, Wissenschaftslogik; Open Science";Datenräume, KI, Wissenschaft und Innovation stützen alle Fachportale.;wirkungsorientierte-forschung-und-missionen;offen;"Echtes Detailkonzept im Referenzumfang ausarbeiten; danach Dossier und Online-Version ableiten."
103;39;1;Phase 12;Wissenschaft, Innovation & Digitalisierung;11;Wissenschaft, Innovation & Digitalisierung;Innovation als Systemlernen und Transfer;Fach-Detailkonzept;P1;mittel;"Datenräume, KI, Wissenschaftslogik; Open Science";Datenräume, KI, Wissenschaft und Innovation stützen alle Fachportale.;innovation-als-systemlernen-und-transfer;offen;"Echtes Detailkonzept im Referenzumfang ausarbeiten; danach Dossier und Online-Version ableiten."
104;39;2;Phase 12;Wissenschaft, Innovation & Digitalisierung;11;Wissenschaft, Innovation & Digitalisierung;KI und algorithmische Verantwortung;Fach-Detailkonzept;P1;mittel;"Datenräume, KI, Wissenschaftslogik; Open Science";Datenräume, KI, Wissenschaft und Innovation stützen alle Fachportale.;ki-und-algorithmische-verantwortung;offen;"Echtes Detailkonzept im Referenzumfang ausarbeiten; danach Dossier und Online-Version ableiten."
105;39;3;Phase 12;Wissenschaft, Innovation & Digitalisierung;11;Wissenschaft, Innovation & Digitalisierung;Datenräume, Interoperabilität und Wirkungsdaten;Fach-Detailkonzept;P1;mittel;"Datenräume, KI, Wissenschaftslogik; Open Science";Datenräume, KI, Wissenschaft und Innovation stützen alle Fachportale.;datenraeume-interoperabilitaet-und-wirkungsdaten;offen;"Echtes Detailkonzept im Referenzumfang ausarbeiten; danach Dossier und Online-Version ableiten."
106;40;1;Phase 12;Wissenschaft, Innovation & Digitalisierung;11;Wissenschaft, Innovation & Digitalisierung;Digitale öffentliche Infrastruktur und Souveränität;Fach-Detailkonzept;P1;mittel;"Datenräume, KI, Wissenschaftslogik; Open Science";Datenräume, KI, Wissenschaft und Innovation stützen alle Fachportale.;digitale-oeffentliche-infrastruktur-und-souveraenitaet;offen;"Echtes Detailkonzept im Referenzumfang ausarbeiten; danach Dossier und Online-Version ableiten."
107;40;2;Phase 12;Wissenschaft, Innovation & Digitalisierung;11;Wissenschaft, Innovation & Digitalisierung;Cyberresilienz und kritische Wissensinfrastruktur;Fach-Detailkonzept;P1;mittel;"Datenräume, KI, Wissenschaftslogik; Open Science";Datenräume, KI, Wissenschaft und Innovation stützen alle Fachportale.;cyberresilienz-und-kritische-wissensinfrastruktur;offen;"Echtes Detailkonzept im Referenzumfang ausarbeiten; danach Dossier und Online-Version ableiten."
108;40;3;Phase 12;Wissenschaft, Innovation & Digitalisierung;11;Wissenschaft, Innovation & Digitalisierung;Forschungsförderung, Wissensrat und Politikberatung;Fach-Detailkonzept;P1;mittel;"Datenräume, KI, Wissenschaftslogik; Open Science";Datenräume, KI, Wissenschaft und Innovation stützen alle Fachportale.;forschungsfoerderung-wissensrat-und-politikberatung;offen;"Echtes Detailkonzept im Referenzumfang ausarbeiten; danach Dossier und Online-Version ableiten."
109;41;1;Phase 12;Wissenschaft, Innovation & Digitalisierung;11;Wissenschaft, Innovation & Digitalisierung;Start-ups, Deep Tech und Wirkungsinnovation;Fach-Detailkonzept;P2;mittel/niedrig;"Datenräume, KI, Wissenschaftslogik; Open Science";Datenräume, KI, Wissenschaft und Innovation stützen alle Fachportale.;start-ups-deep-tech-und-wirkungsinnovation;offen;"Echtes Detailkonzept im Referenzumfang ausarbeiten; danach Dossier und Online-Version ableiten."
110;41;2;Phase 12;Wissenschaft, Innovation & Digitalisierung;11;Wissenschaft, Innovation & Digitalisierung;Wissenschaftskommunikation und Vertrauensbildung;Fach-Detailkonzept;P2;mittel/niedrig;"Datenräume, KI, Wissenschaftslogik; Open Science";Datenräume, KI, Wissenschaft und Innovation stützen alle Fachportale.;wissenschaftskommunikation-und-vertrauensbildung;offen;"Echtes Detailkonzept im Referenzumfang ausarbeiten; danach Dossier und Online-Version ableiten."
111;41;3;Phase 12;Wissenschaft, Innovation & Digitalisierung;11;Wissenschaft, Innovation & Digitalisierung;Digitale Teilhabe, Kompetenz und Bildung;Fach-Detailkonzept;P2;mittel/niedrig;"Datenräume, KI, Wissenschaftslogik; Open Science";Datenräume, KI, Wissenschaft und Innovation stützen alle Fachportale.;digitale-teilhabe-kompetenz-und-bildung;offen;"Echtes Detailkonzept im Referenzumfang ausarbeiten; danach Dossier und Online-Version ableiten."
112;42;1;Phase 13;Klima, Energie & Ressourcen;13;Klima, Energie & Ressourcen;Klima als Wirkungsraum;Fach-Detailkonzept;P1;mittel;"SDG 6/7/12/13/14/15; Kapital/Fonds; Produkte/Wohnen/Industrie";Planetare Grundlage und physische Systemgrenzen werden vertieft.;klima-als-wirkungsraum;offen;"Echtes Detailkonzept im Referenzumfang ausarbeiten; danach Dossier und Online-Version ableiten."
113;42;2;Phase 13;Klima, Energie & Ressourcen;13;Klima, Energie & Ressourcen;Energie als Rückgrat der Wirkung;Fach-Detailkonzept;P1;mittel;"SDG 6/7/12/13/14/15; Kapital/Fonds; Produkte/Wohnen/Industrie";Planetare Grundlage und physische Systemgrenzen werden vertieft.;energie-als-rueckgrat-der-wirkung;offen;"Echtes Detailkonzept im Referenzumfang ausarbeiten; danach Dossier und Online-Version ableiten."
114;42;3;Phase 13;Klima, Energie & Ressourcen;13;Klima, Energie & Ressourcen;Ressourcen und Kreislaufwirtschaft;Fach-Detailkonzept;P1;mittel;"SDG 6/7/12/13/14/15; Kapital/Fonds; Produkte/Wohnen/Industrie";Planetare Grundlage und physische Systemgrenzen werden vertieft.;ressourcen-und-kreislaufwirtschaft;offen;"Echtes Detailkonzept im Referenzumfang ausarbeiten; danach Dossier und Online-Version ableiten."
115;43;1;Phase 13;Klima, Energie & Ressourcen;13;Klima, Energie & Ressourcen;Wasser, Boden und Biodiversität;Fach-Detailkonzept;P1;mittel;"SDG 6/7/12/13/14/15; Kapital/Fonds; Produkte/Wohnen/Industrie";Planetare Grundlage und physische Systemgrenzen werden vertieft.;wasser-boden-und-biodiversitaet;offen;"Echtes Detailkonzept im Referenzumfang ausarbeiten; danach Dossier und Online-Version ableiten."
116;43;2;Phase 13;Klima, Energie & Ressourcen;13;Klima, Energie & Ressourcen;Kritische Rohstoffe und strategische Autonomie;Fach-Detailkonzept;P1;mittel;"SDG 6/7/12/13/14/15; Kapital/Fonds; Produkte/Wohnen/Industrie";Planetare Grundlage und physische Systemgrenzen werden vertieft.;kritische-rohstoffe-und-strategische-autonomie;offen;"Echtes Detailkonzept im Referenzumfang ausarbeiten; danach Dossier und Online-Version ableiten."
117;43;3;Phase 13;Klima, Energie & Ressourcen;13;Klima, Energie & Ressourcen;Industrie, Materialien und harte Sektoren;Fach-Detailkonzept;P1;mittel;"SDG 6/7/12/13/14/15; Kapital/Fonds; Produkte/Wohnen/Industrie";Planetare Grundlage und physische Systemgrenzen werden vertieft.;industrie-materialien-und-harte-sektoren;offen;"Echtes Detailkonzept im Referenzumfang ausarbeiten; danach Dossier und Online-Version ableiten."
118;44;1;Phase 13;Klima, Energie & Ressourcen;13;Klima, Energie & Ressourcen;Energiearmut, Verteilung und gerechte Transformation;Fach-Detailkonzept;P1;mittel;"SDG 6/7/12/13/14/15; Kapital/Fonds; Produkte/Wohnen/Industrie";Planetare Grundlage und physische Systemgrenzen werden vertieft.;energiearmut-verteilung-und-gerechte-transformation;offen;"Echtes Detailkonzept im Referenzumfang ausarbeiten; danach Dossier und Online-Version ableiten."
119;44;2;Phase 13;Klima, Energie & Ressourcen;13;Klima, Energie & Ressourcen;Planetare Wirkungshaushalte und Wirkungsfonds;Fach-Detailkonzept;P1;hoch;"SDG 6/7/12/13/14/15; Kapital/Fonds; Produkte/Wohnen/Industrie";Planetare Grundlage und physische Systemgrenzen werden vertieft.;planetare-wirkungshaushalte-und-wirkungsfonds;offen;"Echtes Detailkonzept im Referenzumfang ausarbeiten; danach Dossier und Online-Version ableiten."
120;44;3;Phase 13;Klima, Energie & Ressourcen;13;Klima, Energie & Ressourcen;Kommunen, Anpassung und Klimafolgen;Fach-Detailkonzept;P2;mittel/niedrig;"SDG 6/7/12/13/14/15; Kapital/Fonds; Produkte/Wohnen/Industrie";Planetare Grundlage und physische Systemgrenzen werden vertieft.;kommunen-anpassung-und-klimafolgen;offen;"Echtes Detailkonzept im Referenzumfang ausarbeiten; danach Dossier und Online-Version ableiten."
121;45;1;Phase 13;Klima, Energie & Ressourcen;13;Klima, Energie & Ressourcen;Regeneration und Natur als Infrastruktur;Fach-Detailkonzept;P2;mittel/niedrig;"SDG 6/7/12/13/14/15; Kapital/Fonds; Produkte/Wohnen/Industrie";Planetare Grundlage und physische Systemgrenzen werden vertieft.;regeneration-und-natur-als-infrastruktur;offen;"Echtes Detailkonzept im Referenzumfang ausarbeiten; danach Dossier und Online-Version ableiten."
122;45;2;Phase 13;Klima, Energie & Ressourcen;13;Klima, Energie & Ressourcen;Produkt-, Gebäude- und Infrastrukturwirkung;Fach-Detailkonzept;P2;mittel/niedrig;"SDG 6/7/12/13/14/15; Kapital/Fonds; Produkte/Wohnen/Industrie";Planetare Grundlage und physische Systemgrenzen werden vertieft.;produkt--gebaeude--und-infrastrukturwirkung;offen;"Echtes Detailkonzept im Referenzumfang ausarbeiten; danach Dossier und Online-Version ableiten."
