rang,tool_name,description,status,target_slug,required_fields,qa_status
0,SDG-/SDG+-Navigator,"Zuordnung von SDGs, Agenda 2030 und SDG+ zu Portalen, Dokumenten und Wirkungsfeldern.",Methodik vorbereitet,/tools/sdg-sdg-navigator/,"Beschreibung, Nutzen, Zielgruppe, Status, Link",auf Website pruefen
1,Produktwirkungs-Scorecard,"Bewertung von Produkten nach Klima, Ressourcen, Arbeit, Gesundheit und Nichtkompensation.",Methodik vorbereitet,/tools/produktwirkungs-scorecard/,"Beschreibung, Nutzen, Zielgruppe, Status, Link",auf Website pruefen
2,T-SROI-Rechner,Berechnung und Dokumentation von Transformationswirkung und Netto-Wirkung.,Methodik vorbereitet,/tools/t-sroi-rechner/,"Beschreibung, Nutzen, Zielgruppe, Status, Link",auf Website pruefen
3,Wirkungsrats-Register,"Uebersicht ueber WOE-K-IDs, Benchmarks, Archetypen und Evaluation.",Methodik vorbereitet,/tools/wirkungsrats-register/,"Beschreibung, Nutzen, Zielgruppe, Status, Link",auf Website pruefen
4,Unternehmens-Wirkungsradar,"Pruefung von Governance, Lieferketten, Risiko, Kapitalzugang und Transformation.",Methodik vorbereitet,/tools/unternehmens-wirkungsradar/,"Beschreibung, Nutzen, Zielgruppe, Status, Link",auf Website pruefen
5,Wohnungsmarkt-Wirkungsprofil,"Bewertung von Bezahlbarkeit, Energie, Quartier, Spekulation und Sozialraum.",Methodik vorbereitet,/tools/wohnungsmarkt-wirkungsprofil/,"Beschreibung, Nutzen, Zielgruppe, Status, Link",auf Website pruefen
6,Automatisierungs- und Wirkungseinkommen-Check,"Bewertung von Maschinenleistung, Sozialabgabenentkopplung und Sinnstiftung.",Methodik vorbereitet,/tools/automatisierungs-und-wirkungseinkommen-check/,"Beschreibung, Nutzen, Zielgruppe, Status, Link",auf Website pruefen
7,Wirkungsrenten-Matrix,"Bewertung von Lebensleistung, Care, Bildung, Pflege und generationeller Stabilitaet.",Methodik vorbereitet,/tools/wirkungsrenten-matrix/,"Beschreibung, Nutzen, Zielgruppe, Status, Link",auf Website pruefen
8,Wirkungsschule-Lernpfad,"Curriculum fuer Wirkungskompetenz, Civic Literacy, Medienkompetenz und Zukunftsfaehigkeit.",Methodik vorbereitet,/tools/wirkungsschule-lernpfad/,"Beschreibung, Nutzen, Zielgruppe, Status, Link",auf Website pruefen
9,Diskurs- und Plattformradar,"Pruefung von Medienwirkung, Frames, Polarisierung und Desinformation.",Methodik vorbereitet,/tools/diskurs-und-plattformradar/,"Beschreibung, Nutzen, Zielgruppe, Status, Link",auf Website pruefen
10,Gesundheitswirkungs-Monitor,"Bewertung von Praevention, Pflege, Zugang, Psyche und One Health.",Methodik vorbereitet,/tools/gesundheitswirkungs-monitor/,"Beschreibung, Nutzen, Zielgruppe, Status, Link",auf Website pruefen
11,Wissenschafts-Wirkungsindikatoren,"Pruefung von Forschung, Replikation, Open Science und Politikberatung.",Methodik vorbereitet,/tools/wissenschafts-wirkungsindikatoren/,"Beschreibung, Nutzen, Zielgruppe, Status, Link",auf Website pruefen
12,Kapitalwirkungs-Portfolio,"Bewertung von Portfolio-Wirkung, Wirkungsrisiko, Versicherbarkeit und Fondslogik.",Methodik vorbereitet,/tools/kapitalwirkungs-portfolio/,"Beschreibung, Nutzen, Zielgruppe, Status, Link",auf Website pruefen
13,Planetarer Wirkungshaushalt,"Klima, Energie, Ressourcen, Wasser, Boden und Biodiversitaet als Wirkungshaushalt.",Methodik vorbereitet,/tools/planetarer-wirkungshaushalt/,"Beschreibung, Nutzen, Zielgruppe, Status, Link",auf Website pruefen
14,Kultur-Resonanzprofil,"Bewertung von Resonanzraeumen, Identitaet, kultureller Teilhabe und Demokratiebindung.",Methodik vorbereitet,/tools/kultur-resonanzprofil/,"Beschreibung, Nutzen, Zielgruppe, Status, Link",auf Website pruefen
15,Integrations-Infrastruktur-Score,Kommunale Integrationsfaehigkeit ohne Personenbewertung.,Methodik vorbereitet,/tools/integrations-infrastruktur-score/,"Beschreibung, Nutzen, Zielgruppe, Status, Link",auf Website pruefen
16,Resilienz-Radar Kommune,"Pruefung von kritischer Infrastruktur, Versorgung, Cyber, Krisenfaehigkeit und Vertrauen.",Methodik vorbereitet,/tools/resilienz-radar-kommune/,"Beschreibung, Nutzen, Zielgruppe, Status, Link",auf Website pruefen
17,Wirkungsdatenraum-Explorer,"Datenraeume, DPP, KI-Audit, Interoperabilitaet und digitale Souveraenitaet.",Methodik vorbereitet,/tools/wirkungsdatenraum-explorer/,"Beschreibung, Nutzen, Zielgruppe, Status, Link",auf Website pruefen
18,Wissensintegritaets-Check,"Open Science, CoARA/DORA-Anschluss, Replikation, Statistik und Sachverstaendige.",Methodik vorbereitet,/tools/wissensintegritaets-check/,"Beschreibung, Nutzen, Zielgruppe, Status, Link",auf Website pruefen
19,Globaler Wirkungsgovernance-Check,"Handel, Lieferketten, CBAM, globale Standards und kulturelle Anschlussfaehigkeit.",Methodik vorbereitet,/tools/globaler-wirkungsgovernance-check/,"Beschreibung, Nutzen, Zielgruppe, Status, Link",auf Website pruefen
20,Transformationspfad-Planer,"Pilotierung, Reallabore, soziale Abfederung, Wirkungsfonds und Lernschleifen.",Methodik vorbereitet,/tools/transformationspfad-planer/,"Beschreibung, Nutzen, Zielgruppe, Status, Link",auf Website pruefen
21,Schutzarchitektur-Check,"Technokratie, Social Credit, Manipulation, Rechtsschutz und Fehlbarkeit.",Methodik vorbereitet,/tools/schutzarchitektur-check/,"Beschreibung, Nutzen, Zielgruppe, Status, Link",auf Website pruefen
22,Zukunftsbild-Generator,"Alltag 2035, Unternehmen 2035, Staat 2035 und globale Ordnung 2050 als Szenarioarbeit.",Methodik vorbereitet,/tools/zukunftsbild-generator/,"Beschreibung, Nutzen, Zielgruppe, Status, Link",auf Website pruefen
23,Akademie-Lernpfad-Builder,"Kurse, Zertifikate, Fachbibliothek, Begriffsarbeit und Wirkungskompetenz.",Methodik vorbereitet,/tools/akademie-lernpfad-builder/,"Beschreibung, Nutzen, Zielgruppe, Status, Link",auf Website pruefen
24,Website-1.0-Release-Gate,"Linkcheck, Downloadcheck, Glossarcheck, Mobile-QA und Masterbibliothek.",Release-Tool in Vorbereitung,/tools/website-1-0-release-gate/,"Beschreibung, Nutzen, Zielgruppe, Status, Link",auf Website pruefen
