"object_id","primary_dip_id","all_dip_ids","source_ref_count","distinct_titles","responsible_ministries","date_span","shared_document_ids","strong_identity_anchor","explicit_official_same_measure_reference","review_result"
"govaction:dip:321575","321575","321575|321278|321234|321722|321361|321188|322919|321994|325546|325542|325540|325537|325536|325534|325532|325531|325530|325526|325525|325524|325523|325520|325518|325517|325515|325509|325508|325507|325506|325505|325502|325499|325497|325494|325492|325491|325490|325488|325487|325486|325484|325482|325481|325480|325479|325478|325457|325455|325451|325447|326602|326601|324545","217","53","Bundesministerium für Gesundheit|Bundesministerium der Finanzen|Bundesministerium für Umwelt, Naturschutz, nukleare Sicherheit und Verbraucherschutz|Bundesministerium für Digitales und Verkehr|Auswärtiges Amt|Bundesministerium für wirtschaftliche Zusammenarbeit und Entwicklung|Bundesministerium für Bildung und Forschung|Bundesministerium für Wirtschaft und Klimaschutz|Bundeskanzleramt|Bundesministerium für Familie, Senioren, Frauen und Jugend|Bundesministerium für Arbeit und Soziales|Bundesministerium für Ernährung und Landwirtschaft|Bundesministerium des Innern und für Heimat|Bundesministerium für Forschung, Technologie und Raumfahrt","2018-08-22..2025-11-13","BT 21/110|BT 21/251|BT 21/33|BR 174/25|BT 21/14|BT 21/125|BT 21/11|BR 165/25|BT 21/62|BT 20/8027|BR 159/25|BT 21/21|BT 20/14480|BT 21/230|BT 21/8|BT 21/444|BT 21/467|BT 20/14310|BT 21/1541|BT 20/11450|BT 20/9880|BT 20/9580|BT 20/14325|BT 20/14303|BT 20/14090|BT 20/12760|BT 20/12450|BT 20/11595|BT 20/11585|BT 20/9830|BT 20/8719|BT 20/12393|BT 20/10006|BT 20/9750|BT 20/8100|BT 20/7120|BT 20/5650|BT 20/4573|BT 20/2510|BT 20/412|BT 19/30292|BT 19/16070|BT 19/3960|BT 20/14315|BT 20/14086|BT 20/14085|BT 20/12550|BT 20/9834|BT 20/13790|BT 20/11850|BT 20/10001|BT 20/14488|BT 20/13000|BT 20/12765|BT 20/12370|BT 20/12270|BT 20/10476|BT 20/9090|BT 20/1651|BT 20/46|BT 21/2069|BT 21/2650|BT 21/2651|BT 21/40|BT 21/2068|BT 21/2648|BT 21/2649|BT 21/1100|BT 174/25|BT 165/25|BT 159/25","dip_procedure_id","false","SPLIT_BY_OFFICIAL_PROCEDURE_ID"
"govaction:dip:323212","323212","323212|322956","7","2","Bundesministerium für Bildung, Familie, Senioren, Frauen und Jugend|Bundesministerium des Innern","2025-06-24..2025-07-11","BR 317/25|BT 21/700|BT 21/852|BT 21/650|BT 317/25","dip_procedure_id","false","SPLIT_BY_OFFICIAL_PROCEDURE_ID"
"govaction:dip:322135","322135","322135|322134","9","2","Bundesministerium für Gesundheit","2025-05-30..2025-07-11","BR 226/25|BR 1056|BR 226/25(B)|BR 225/25|BR 225/1/25|BR 225/25(B)|BT 226/25|1056|BT 226/25(B)|BT 225/25|BT 225/1/25|BT 225/25(B)","dip_procedure_id","false","SPLIT_BY_OFFICIAL_PROCEDURE_ID"
"govaction:dip:325255","325255","325255|325252|325251|325228|325224|325223|325219|325217|325215|325213|325212|325211|325210|325207|325202|325201|325196|325195|325193|325192|325191|325190|325189|325188|325185|325182|325181|325180|325179|325176|325174|325183","97","32","Bundesministerium für Digitales und Verkehr|Bundesministerium für Bildung und Forschung|Bundesministerium für Umwelt, Naturschutz, nukleare Sicherheit und Verbraucherschutz|Bundeskanzleramt|Bundesministerium für Arbeit und Soziales|Bundesministerium für Gesundheit|Bundesministerium des Innern und für Heimat|Auswärtiges Amt|Bundesministerium für Wohnen, Stadtentwicklung und Bauwesen|Bundesministerium für Wirtschaft und Klimaschutz|Bundesministerium für Familie, Senioren, Frauen und Jugend|Bundesministerium für Ernährung und Landwirtschaft|Bundesministerium des Innern, für Bau und Heimat|Bundesministerium der Justiz","2021-05-07..2025-09-12","BT 20/15150|BT 21/1323|BT 20/15136|BT 20/15114|BT 20/15040|BT 20/14980|BT 20/14970|BT 20/14870|BT 20/14670|BT 20/14601|BT 20/14599|BT 20/14550|BT 20/14515|BT 20/14479|BT 20/14320|BT 20/14305|BT 20/14250|BT 20/14180|BT 20/14115|BT 20/13900|BT 20/13800|BT 20/12940|BT 20/11110|BT 20/10005|BT 20/9860|BT 20/5151|BT 19/32710|BT 19/32659|BT 19/32501|BT 19/32000|BT 19/31793|BT 19/30079|BT 20/3845|BT 21/22","dip_procedure_id","false","SPLIT_BY_OFFICIAL_PROCEDURE_ID"
"govaction:dip:325177","325177","325177|325059|324549|324307|324214|324211|323820","24","7","Bundesministerium für Wirtschaft und Energie|Bundesministerium der Finanzen|Bundesministerium für Umwelt, Klimaschutz, Naturschutz und nukleare Sicherheit|Bundesministerium des Innern|Bundesministerium für Bildung, Familie, Senioren, Frauen und Jugend|Auswärtiges Amt","2025-07-10..2025-09-11","BT 21/1450|BT 21/1628|BT 21/1345|BT 21/1090|BR 404/25|BT 21/1040|BR 348/25|BT 21/981|BT 21/979|BT 21/760|BR 300/25|BT 404/25|BT 348/25|BT 300/25","dip_procedure_id","false","SPLIT_BY_OFFICIAL_PROCEDURE_ID"
"govaction:dip:322622","322622","322622|325092|325091","23","3","Bundesministerium für Umwelt, Klimaschutz, Naturschutz und nukleare Sicherheit","2025-06-19..2025-10-16","BR 255/25|BR 255/1/25|BR 255/2/25|BR 1056|BR 255/25(B)|BT 21/1150|BT 21/20|BT 21/1587|BT 21/21|BR zu255/25|BT 21/1372|BT 21/2119|BT 21/2120|BT 21/34|BT 21/1371|BT 21/2117|BT 21/2118|BT 255/25|BT 255/1/25|BT 255/2/25|1056|BT 255/25(B)|zu255/25","dip_procedure_id","false","SPLIT_BY_OFFICIAL_PROCEDURE_ID"
"govaction:dip:325568","325568","325568|325262","7","2","Bundesministerium für Wirtschaft und Energie|Bundeskanzleramt","2025-09-02..2025-09-18","BT 21/1400|BT 21/1711|BT 21/1460|BR 414/25|BT 414/25","dip_procedure_id","false","SPLIT_BY_OFFICIAL_PROCEDURE_ID"
"govaction:dip:324621","324621","324621|324393","9","2","Bundesministerium des Innern|Auswärtiges Amt","2025-07-31..2025-09-26","BR 344/25|BR 344/1/25|BR 1057|BR 344/25(B)|BR 342/25|BR 342/25(B)|BT 344/25|BT 344/1/25|1057|BT 344/25(B)|BT 342/25|BT 342/25(B)","dip_procedure_id","false","SPLIT_BY_OFFICIAL_PROCEDURE_ID"
"govaction:dip:326845","326845","326845|326744","7","2","Bundesministerium für Digitales und Staatsmodernisierung","2025-10-02..2025-10-17","BR 575/25|BT 21/2150|BT 21/35|BT 21/2200|BT 575/25","dip_procedure_id","false","SPLIT_BY_OFFICIAL_PROCEDURE_ID"
"govaction:dip:327206","327206","327206|327197|327192|327008|326961|326873|326860","24","7","Bundesministerium für Bildung, Familie, Senioren, Frauen und Jugend|Bundesministerium für Wirtschaft und Energie|Bundesministerium für Forschung, Technologie und Raumfahrt|Bundesministerium der Finanzen|Bundesministerium für Umwelt, Klimaschutz, Naturschutz und nukleare Sicherheit","2025-10-02..2025-11-06","BT 21/2300|BR 595/25|BT 21/2669|BT 21/2250|BT 21/2350|BT 21/1540|BR 591/25|BT 21/2260|BT 21/1800|BT 21/2210|BR 580/25|BT 595/25|BT 591/25|BT 580/25","dip_procedure_id","false","SPLIT_BY_OFFICIAL_PROCEDURE_ID"
"govaction:dip:326713","326713","326713|326703|326698|326673","18","4","Bundesministerium für Arbeit und Soziales|Bundesministerium für Wirtschaft und Energie","2025-10-09..2025-11-21","BR 568/25|BR 1059|BR 568/25(B)|BR 566/25|BR 566/1/25|BR 566/25(B)|BR 567/25|BR 567/25(B)|BR 538/25|BR 538/1/25|BR 538/25(B)|BT 568/25|1059|BT 568/25(B)|BT 566/25|BT 566/1/25|BT 566/25(B)|BT 567/25|BT 567/25(B)|BT 538/25|BT 538/1/25|BT 538/25(B)","dip_procedure_id","false","SPLIT_BY_OFFICIAL_PROCEDURE_ID"
"govaction:dip:327996","327996","327996|327995|327992|327924|328216|328028","23","6","Bundesministerium für Gesundheit|Bundesministerium für Wirtschaft und Energie|Bundesministerium der Finanzen|Bundesministerium für Forschung, Technologie und Raumfahrt|Bundesministerium für Digitales und Staatsmodernisierung","2025-10-06..2026-01-15","BT 21/2560|BT 21/2987|BT 21/2695|BT 21/2600|BT 21/2500|BR 676/25|BT 21/2800|BT 21/51|BR 654/25|BT 21/2730|BT 21/52|BT 21/53|BT 676/25|BT 654/25","dip_procedure_id","false","SPLIT_BY_OFFICIAL_PROCEDURE_ID"
"govaction:dip:328503","328503","328503|328601|328550|328549","18","4","Bundesministerium des Innern|Bundesministerium der Finanzen","2025-11-13..2025-12-05","BT 21/2920|BT 21/3137|BT 21/2967|BR 714/25|BT 21/48|BT 21/2950|BR 713/25|BT 21/2949|BR 712/25|BT 714/25|BT 713/25|BT 712/25","dip_procedure_id","false","SPLIT_BY_OFFICIAL_PROCEDURE_ID"
"govaction:dip:328937","328937","328937|328855|328820","10","3","Beauftr. der Bundesregierung für Kultur und Medien|Bundesministerium für Wirtschaft und Energie","2025-11-17..2025-12-18","BT 21/3000|BT 21/3375|BT 21/3050|BT 21/3030|BR 734/25|BT 734/25","dip_procedure_id","false","SPLIT_BY_OFFICIAL_PROCEDURE_ID"
"govaction:dip:329190","329190","329190|327878|327824|327277","19","4","Bundesministerium für Wirtschaft und Energie|Bundesministerium des Innern|Bundesministerium der Finanzen|Bundesministerium für Gesundheit","2025-10-22..2025-12-19","BR 743/25|BR 743/1/25|BR 1060|BR 743/25(B)|BR 629/25|BR 629/1/25|BR 629/25(B)|BR 626/25|BR 626/1/25|BR 626/25(B)|BR 596/25|BR 596/25(B)|BT 743/25|BT 743/1/25|1060|BT 743/25(B)|BT 629/25|BT 629/1/25|BT 629/25(B)|BT 626/25|BT 626/1/25|BT 626/25(B)|BT 596/25|BT 596/25(B)","dip_procedure_id","false","SPLIT_BY_OFFICIAL_PROCEDURE_ID"
"govaction:dip:329693","329693","329693|329554|329473|329374|329332|329330","21","6","Bundesministerium der Finanzen|Bundesministerium für Verkehr|Bundesministerium für Wirtschaft und Energie|Bundesministerium für Arbeit und Soziales|Bundesministerium des Innern","2025-12-04..2026-01-16","BT 21/3447|BR 1/26|BT 21/3687|BT 21/3150|BT 21/3362|BT 21/3299|BR 757/25|BR 758/25|BT 21/3310|BT 21/3245|BT 1/26|BT 757/25|BT 758/25","dip_procedure_id","false","SPLIT_BY_OFFICIAL_PROCEDURE_ID"
"govaction:dip:330377","330377","330377|330199|329817","11","3","Bundesministerium für Bildung, Familie, Senioren, Frauen und Jugend|Bundesministerium für Wirtschaft und Energie|Bundesministerium für Umwelt, Klimaschutz, Naturschutz und nukleare Sicherheit","2025-11-21..2026-01-30","BT 21/3450|BR 799/25|BT 21/3939|BT 21/3540|BR 794/25|BT 21/3385|BT 799/25|BT 794/25","dip_procedure_id","false","SPLIT_BY_OFFICIAL_PROCEDURE_ID"
"govaction:dip:331711","331711","331711|331144","9","2","Bundesministerium des Innern|Bundesministerium für Verkehr","2026-02-06..2026-05-08","BR 112/26|BT 21/4300|BT 21/4582|BR 103/26|BT 21/4250|BT 21/78|BT 112/26|BT 103/26","dip_procedure_id","false","SPLIT_BY_OFFICIAL_PROCEDURE_ID"
"govaction:dip:330467","330467","330467|332737","12","2","Bundesministerium für Forschung, Technologie und Raumfahrt|Bundesministerium für Familie, Senioren, Frauen und Jugend","2025-01-09..2026-04-17","BR 41/26|BR 41/1/26|BR 1062|BR 41/26(B)|BT 21/4500|BT 21/4784|BT 21/65|BT 20/14450|BT 21/72|BT 41/26|BT 41/1/26|1062|BT 41/26(B)","dip_procedure_id","false","SPLIT_BY_OFFICIAL_PROCEDURE_ID"
"govaction:dip:332369","332369","332369|332326","9","2","Bundesministerium für Landwirtschaft, Ernährung und Heimat|Bundesministerium für Verkehr","2026-03-03..2026-03-27","BT 21/4600|BR 153/26|BT 21/4865|BT 21/4490|BR 140/26|BT 21/69|BT 153/26|BT 140/26","dip_procedure_id","false","SPLIT_BY_OFFICIAL_PROCEDURE_ID"
"govaction:dip:331108","331108","331108|331106","10","3","Bundesministerium für Arbeit und Soziales","2026-02-12..2026-04-16","BR 87/26|BR 1063|BR 87/26(B)|BR 88/26|BR 88/26(B)|BT 87/26|1063|BT 87/26(B)|BT 88/26|BT 88/26(B)","dip_procedure_id","false","SPLIT_BY_OFFICIAL_PROCEDURE_ID"
"govaction:dip:333505","333505","333505|333510","8","2","Bundesministerium für Gesundheit|Bundesministerium für Verkehr","2026-03-25..2026-05-21","BT 21/5000|BT 21/5428|BT 21/4948|BT 21/6073|BT 21/80","dip_procedure_id","false","SPLIT_BY_OFFICIAL_PROCEDURE_ID"
"govaction:dip:334047","334047","334047|334046|334043|334038","15","4","Bundesministerium für Wirtschaft und Energie|Bundesministerium für Arbeit und Soziales","2026-03-27..2026-05-07","BT 21/5449|BR 220/26|BT 21/5849|BT 21/5450|BR 221/26|BT 21/5448|BT 21/5350|BR 222/26|BT 220/26|BT 221/26|BT 222/26","dip_procedure_id","false","SPLIT_BY_OFFICIAL_PROCEDURE_ID"
"govaction:dip:331113","331113","331113|334667|333101|331788","21","4","Bundesministerium für Arbeit und Soziales|Bundesministerium für Umwelt, Klimaschutz, Naturschutz und nukleare Sicherheit","2026-02-13..2026-05-08","BR 96/26|BR zu96/26|BR 96/1/26|BR 1063|BR 96/26(B)|BT 21/5140|BT 21/77|BR 244/26|BR 1065|BR 244/26(B)|BR 173/26|BR 173/26(B)|BR 110/26|BR 110/26(B)|BT 96/26|zu96/26|BT 96/1/26|1063|BT 96/26(B)|BT 244/26|1065|BT 244/26(B)|BT 173/26|BT 173/26(B)|BT 110/26|BT 110/26(B)","dip_procedure_id","false","SPLIT_BY_OFFICIAL_PROCEDURE_ID"
"govaction:dip:335484","335484","335484|335223|328465|335485","18","4","Bundesministerium für Gesundheit|Bundesministerium für Umwelt, Klimaschutz, Naturschutz und nukleare Sicherheit|Bundesministerium für Wirtschaft und Energie|Bundesministerium der Finanzen","2025-11-04..2026-06-26","BT 21/6180|BR 340/26|BT 21/6479|BR 308/26|BT 21/6210|BT 21/2810|BR 685/25|BR 349/26|BT 21/6269|BT 21/6100|BT 21/87|BT 340/26|BT 308/26|BT 685/25|BT 349/26","dip_procedure_id","false","SPLIT_BY_OFFICIAL_PROCEDURE_ID"
"govaction:dip:334378","334378","334378|333800","10","2","Bundesministerium für Arbeit und Soziales|Bundesministerium für Verkehr","2026-04-16..2026-06-12","BR 243/26|BR 1066|BR 243/26(B)|BR 214/26|BR 214/1/26|BR 214/2/26|BR 214/26(B)|BT 243/26|1066|BT 243/26(B)|BT 214/26|BT 214/1/26|BT 214/2/26|BT 214/26(B)","dip_procedure_id","false","SPLIT_BY_OFFICIAL_PROCEDURE_ID"
"govaction:dip:335856","335856","335856|335721|335716|335719|335717","19","5","Bundesministerium der Finanzen|Bundesministerium für Forschung, Technologie und Raumfahrt","2026-05-21..2026-07-10","BT 21/6320|BR 354/26|BT 21/6754|BT 21/6270|BR 348/26|BT 21/6275|BT 21/6172|BT 21/90|BT 21/6280|BT 354/26|BT 348/26","dip_procedure_id","false","SPLIT_BY_OFFICIAL_PROCEDURE_ID"
"govaction:dip:336982","336982","336982|336840|336796|336540","12","4","Beauftr. der Bundesregierung für Kultur und Medien|Bundesministerium für Bildung, Familie, Senioren, Frauen und Jugend|Bundesministerium für Wirtschaft und Energie","2026-06-11..2026-07-09","BT 21/6550|BT 21/7064|BT 21/6750|BT 21/6810|BT 21/6450","dip_procedure_id","false","SPLIT_BY_OFFICIAL_PROCEDURE_ID"
"govaction:dip:336643","336643","336643|335718","9","2","Bundesministerium für Wirtschaft und Energie|Auswärtiges Amt","2026-06-03..2026-07-10","BR 388/26|BR 388/1/26|BR 1067|BR 388/26(B)|BR 341/26|BR 341/26(B)|BT 388/26|BT 388/1/26|1067|BT 388/26(B)|BT 341/26|BT 341/26(B)","dip_procedure_id","false","SPLIT_BY_OFFICIAL_PROCEDURE_ID"
