sourcePath,url,rule,page,context,status,contextReview,reviewNote
assets/downloads/08_woek_wirtschaft_unternehmen_risikomanagement_resilienz_finanzmarkt_detailkonzept_v1_0 2.pdf,https://github.com/sustynats/wirkungsoekonomie.de/releases/download/woek-public-assets-v2/assets__downloads__08_woek_wirtschaft_unternehmen_risikomanagement_resilienz_finanzmarkt_detailkonzept_v1_0.2.pdf,TRANSFORMATION_MULTIPLIER,1,"llen und die Entwicklungsgeschichte zugänglich. Es ist kein aktueller fachlicher Maßstab und keine Grundlage für reale Entscheidungen. Was daran nicht mehr gilt Verweise auf einen Transformationsmultiplikator sind verworfen. Im aktuellen Rechenstandard ist transformative Wirkung ein separat belegter und diskontierter Nettonutzenstrom, kein Aufschlagsfaktor. Die aktuelle T-SROI-Rechnung verwendet keine freien Transformations-, Resilienz- oder Da",CONTEXT_REVIEWED,EXISTING_HISTORICAL_COVER,Vorgeschaltete historische Einordnung verwirft alte Multiplikatorlogik und verweist auf den aktuellen Standard.
assets/downloads/08_woek_wirtschaft_unternehmen_risikomanagement_resilienz_finanzmarkt_detailkonzept_v1_0 2.pdf,https://github.com/sustynats/wirkungsoekonomie.de/releases/download/woek-public-assets-v2/assets__downloads__08_woek_wirtschaft_unternehmen_risikomanagement_resilienz_finanzmarkt_detailkonzept_v1_0.2.pdf,TRANSFORMATION_MULTIPLIER,1,"nsmultiplikator sind verworfen. Im aktuellen Rechenstandard ist transformative Wirkung ein separat belegter und diskontierter Nettonutzenstrom, kein Aufschlagsfaktor. Die aktuelle T-SROI-Rechnung verwendet keine freien Transformations-, Resilienz- oder Datenqualitätsmultiplikatoren. Datenqualität, Unsicherheit und Resilienz werden dokumentiert, geprüft und in Sensitivitäten behandelt. Ein positiver Wert setzt eine abgegrenzte, kausal belegte Bilanz und ein offenes Schutz-Gate voraus. Wohin für den aktuellen S",CONTEXT_REVIEWED,EXISTING_HISTORICAL_COVER,Vorgeschaltete historische Einordnung verwirft alte Multiplikatorlogik und verweist auf den aktuellen Standard.
assets/downloads/08_woek_wirtschaft_unternehmen_risikomanagement_resilienz_finanzmarkt_detailkonzept_v1_0 2.pdf,https://github.com/sustynats/wirkungsoekonomie.de/releases/download/woek-public-assets-v2/assets__downloads__08_woek_wirtschaft_unternehmen_risikomanagement_resilienz_finanzmarkt_detailkonzept_v1_0.2.pdf,TRANSFORMATION_MULTIPLIER,7,"s, WÖk-ID-Register Rote Linien Welche Schäden sind nicht kompensierbar? Reverse Merit Order, Wirkungsgrenzen Transformation Verändert das Unternehmen Pfade, Standards oder Märkte? T-SROI, Transformationsmultiplikator Datenqualität Wie belastbar, aktuell und auditierbar sind Daten? Datenqualitätsstufe, Assurance-Status Kapitalwirkung Welche Wirkung erzeugen Kapitalflüsse? Portfolio-Wirkungsrating, Wirkungskreditprüfung 10. Stranded Assets: alte un",CONTEXT_REVIEWED,EXISTING_HISTORICAL_COVER,Vorgeschaltete historische Einordnung verwirft alte Multiplikatorlogik und verweist auf den aktuellen Standard.
assets/downloads/23_woek_impact_controlling_t_sroi_transformationsmessung_methodenpapier_v1_0 2.pdf,https://github.com/sustynats/wirkungsoekonomie.de/releases/download/woek-public-assets-v2/assets__downloads__23_woek_impact_controlling_t_sroi_transformationsmessung_methodenpapier_v1_0.2.pdf,TRANSFORMATION_MULTIPLIER,1,"Fundstellen und die Entwicklungsgeschichte zugänglich. Es ist kein aktueller fachlicher Maßstab und keine Grundlage für reale Entscheidungen. Was daran nicht mehr gilt Die frühere multiplikative T-SROI-Formel mit Transformations-, Resilienz- oder Datenqualitätsaufschlägen ist verworfen. Im T-SROI-Rechenstandard v1.1 ist transformative Wirkung ein separat belegter und diskontierter Nettonutzenstrom, kein Aufschlagsfaktor. Der aktuelle Rec",CONTEXT_REVIEWED,EXISTING_HISTORICAL_COVER,Vorgeschaltete historische Einordnung verwirft alte Multiplikatorlogik und verweist auf den aktuellen Standard.
assets/downloads/23_woek_impact_controlling_t_sroi_transformationsmessung_methodenpapier_v1_0 2.pdf,https://github.com/sustynats/wirkungsoekonomie.de/releases/download/woek-public-assets-v2/assets__downloads__23_woek_impact_controlling_t_sroi_transformationsmessung_methodenpapier_v1_0.2.pdf,TRANSFORMATION_MULTIPLIER,3,". Warum ROI und SROI nicht reichen 3. Definition des T-SROI 4. Wirkungsebenen: Output, Outcome, Impact, Transformation 5. Berechnungslogik 6. Netto-Wirkung und Negativwirkungen 7. Transformationsmultiplikator 8. Daten, Scorecards und Monetarisierung 9. Anwendungsfelder 10. T-SROI im Unternehmen 11. T-SROI im Staat und in Wirkungsfonds 12. Grenzen, Unsicherheit und Assurance 13. Politische Anschlussfähigkeit 14. SDG-/SDG+-Bezug 15. Website- und ",CONTEXT_REVIEWED,EXISTING_HISTORICAL_COVER,Vorgeschaltete historische Einordnung verwirft alte Multiplikatorlogik und verweist auf den aktuellen Standard.
assets/downloads/23_woek_impact_controlling_t_sroi_transformationsmessung_methodenpapier_v1_0 2.pdf,https://github.com/sustynats/wirkungsoekonomie.de/releases/download/woek-public-assets-v2/assets__downloads__23_woek_impact_controlling_t_sroi_transformationsmessung_methodenpapier_v1_0.2.pdf,TRANSFORMATION_MULTIPLIER,5,"e Wirkungen abgezogen, rote Linien geprüft und Datenqualität bewertet. Erst auf dieser Grundlage wird ein monetärer oder teilmonetärer Wirkungswert gebildet. Anschließend wird der Transformationsmultiplikator angewandt. Eine vereinfachte Arbeitsformel lautet: T-SROI = (geprüfte Netto-Wirkung × Transformationsmultiplikator × Resilienzfaktor × Datenqualitätsvertrauen) / Ressourceneinsatz. Diese Formel ist kein starres Gesetz. Sie beschreibt die L",CONTEXT_REVIEWED,EXISTING_HISTORICAL_COVER,Vorgeschaltete historische Einordnung verwirft alte Multiplikatorlogik und verweist auf den aktuellen Standard.
assets/downloads/23_woek_impact_controlling_t_sroi_transformationsmessung_methodenpapier_v1_0 2.pdf,https://github.com/sustynats/wirkungsoekonomie.de/releases/download/woek-public-assets-v2/assets__downloads__23_woek_impact_controlling_t_sroi_transformationsmessung_methodenpapier_v1_0.2.pdf,TRANSFORMATION_MULTIPLIER,5,dieser Grundlage wird ein monetärer oder teilmonetärer Wirkungswert gebildet. Anschließend wird der Transformationsmultiplikator angewandt. Eine vereinfachte Arbeitsformel lautet: T-SROI = (geprüfte Netto-Wirkung × Transformationsmultiplikator × Resilienzfaktor × Datenqualitätsvertrauen) / Ressourceneinsatz. Diese Formel ist kein starres Gesetz. Sie beschreibt die Logik. Je nach Anwendungsfeld können die Faktoren anders operationalisiert werden. Entscheidend ist: Ohne gepr,CONTEXT_REVIEWED,EXISTING_HISTORICAL_COVER,Vorgeschaltete historische Einordnung verwirft alte Multiplikatorlogik und verweist auf den aktuellen Standard.
assets/downloads/23_woek_impact_controlling_t_sroi_transformationsmessung_methodenpapier_v1_0 2.pdf,https://github.com/sustynats/wirkungsoekonomie.de/releases/download/woek-public-assets-v2/assets__downloads__23_woek_impact_controlling_t_sroi_transformationsmessung_methodenpapier_v1_0.2.pdf,TRANSFORMATION_MULTIPLIER,6,"t. Sie sind Teil der Berechnung. Schwere negative Wirkungen begrenzen oder verhindern einen positiven T-SROI. Damit schützt der T-SROI vor Wirkungs- Simulation und Impact-Washing. Transformationsmultiplikator Der Transformationsmultiplikator ist das Kernmerkmal des T-SROI. Er beschreibt, ob eine Maßnahme über ihre direkte Wirkung hinaus Systempfade verändert. Ein Projekt mit mäßiger direkter Wirkung kann hohen Transformationswert haben, wenn es",CONTEXT_REVIEWED,EXISTING_HISTORICAL_COVER,Vorgeschaltete historische Einordnung verwirft alte Multiplikatorlogik und verweist auf den aktuellen Standard.
assets/downloads/23_woek_impact_controlling_t_sroi_transformationsmessung_methodenpapier_v1_0 2.pdf,https://github.com/sustynats/wirkungsoekonomie.de/releases/download/woek-public-assets-v2/assets__downloads__23_woek_impact_controlling_t_sroi_transformationsmessung_methodenpapier_v1_0.2.pdf,TRANSFORMATION_MULTIPLIER,6,"Schwere negative Wirkungen begrenzen oder verhindern einen positiven T-SROI. Damit schützt der T-SROI vor Wirkungs- Simulation und Impact-Washing. Transformationsmultiplikator Der Transformationsmultiplikator ist das Kernmerkmal des T-SROI. Er beschreibt, ob eine Maßnahme über ihre direkte Wirkung hinaus Systempfade verändert. Ein Projekt mit mäßiger direkter Wirkung kann hohen Transformationswert haben, wenn es einen neuen Standard setzt. Umge",CONTEXT_REVIEWED,EXISTING_HISTORICAL_COVER,Vorgeschaltete historische Einordnung verwirft alte Multiplikatorlogik und verweist auf den aktuellen Standard.
assets/downloads/23_woek_impact_controlling_t_sroi_transformationsmessung_methodenpapier_v1_0 2.pdf,https://github.com/sustynats/wirkungsoekonomie.de/releases/download/woek-public-assets-v2/assets__downloads__23_woek_impact_controlling_t_sroi_transformationsmessung_methodenpapier_v1_0.2.pdf,TRANSFORMATION_MULTIPLIER,6,"enkung Verschiebt es Investitionsflüsse? 1,0 bis 2,0 Resilienz Reduziert es Systemrisiken und Reparaturkosten? 1,0 bis 1,8 rote Linien Gibt es nicht kompensierbare Negativwirkung? Multiplikator deckeln oder T-SROI verweigern Daten, Scorecards und Monetarisierung T-SROI braucht Daten, aber nicht jede Wirkung lässt sich seriös monetarisieren. Manche Wirkungen können in Euro ausgedrückt werden: vermiedene Energiekosten, CO2-Preise, Gesundheitskosten, Ausfallzeiten, Sanierungsersparnisse. Andere Wirkungen si",CONTEXT_REVIEWED,EXISTING_HISTORICAL_COVER,Vorgeschaltete historische Einordnung verwirft alte Multiplikatorlogik und verweist auf den aktuellen Standard.
assets/downloads/23_woek_impact_controlling_t_sroi_transformationsmessung_methodenpapier_v1_0 2.pdf,https://github.com/sustynats/wirkungsoekonomie.de/releases/download/woek-public-assets-v2/assets__downloads__23_woek_impact_controlling_t_sroi_transformationsmessung_methodenpapier_v1_0.2.pdf,TRANSFORMATION_MULTIPLIER,7,"ltslogik getroffen werden. Grenzen, Unsicherheit und Assurance T-SROI ist anspruchsvoll und anfällig für Überdehnung. Wer alles monetarisieren will, erzeugt Scheingenauigkeit. Wer Transformationsmultiplikatoren frei setzt, erzeugt Impact-Washing. Wer Unsicherheit verschweigt, verliert Vertrauen. Deshalb braucht T-SROI eine Qualitätssystematik: Annahmen offenlegen, Datenqualität bewerten, Gegenwirkungen prüfen, rote Linien beachten, externe Assu",CONTEXT_REVIEWED,EXISTING_HISTORICAL_COVER,Vorgeschaltete historische Einordnung verwirft alte Multiplikatorlogik und verweist auf den aktuellen Standard.
assets/downloads/23_woek_impact_controlling_t_sroi_transformationsmessung_methodenpapier_v1_0.pdf,https://github.com/sustynats/wirkungsoekonomie.de/releases/download/woek-public-assets-v2/assets__downloads__23_woek_impact_controlling_t_sroi_transformationsmessung_methodenpapier_v1_0.pdf,TRANSFORMATION_MULTIPLIER,1,"Fundstellen und die Entwicklungsgeschichte zugänglich. Es ist kein aktueller fachlicher Maßstab und keine Grundlage für reale Entscheidungen. Was daran nicht mehr gilt Die frühere multiplikative T-SROI-Formel mit Transformations-, Resilienz- oder Datenqualitätsaufschlägen ist verworfen. Im T-SROI-Rechenstandard v1.1 ist transformative Wirkung ein separat belegter und diskontierter Nettonutzenstrom, kein Aufschlagsfaktor. Der aktuelle Rec",CONTEXT_REVIEWED,EXISTING_HISTORICAL_COVER,Vorgeschaltete historische Einordnung verwirft alte Multiplikatorlogik und verweist auf den aktuellen Standard.
assets/downloads/23_woek_impact_controlling_t_sroi_transformationsmessung_methodenpapier_v1_0.pdf,https://github.com/sustynats/wirkungsoekonomie.de/releases/download/woek-public-assets-v2/assets__downloads__23_woek_impact_controlling_t_sroi_transformationsmessung_methodenpapier_v1_0.pdf,TRANSFORMATION_MULTIPLIER,3,". Warum ROI und SROI nicht reichen 3. Definition des T-SROI 4. Wirkungsebenen: Output, Outcome, Impact, Transformation 5. Berechnungslogik 6. Netto-Wirkung und Negativwirkungen 7. Transformationsmultiplikator 8. Daten, Scorecards und Monetarisierung 9. Anwendungsfelder 10. T-SROI im Unternehmen 11. T-SROI im Staat und in Wirkungsfonds 12. Grenzen, Unsicherheit und Assurance 13. Politische Anschlussfähigkeit 14. SDG-/SDG+-Bezug 15. Website- und ",CONTEXT_REVIEWED,EXISTING_HISTORICAL_COVER,Vorgeschaltete historische Einordnung verwirft alte Multiplikatorlogik und verweist auf den aktuellen Standard.
assets/downloads/23_woek_impact_controlling_t_sroi_transformationsmessung_methodenpapier_v1_0.pdf,https://github.com/sustynats/wirkungsoekonomie.de/releases/download/woek-public-assets-v2/assets__downloads__23_woek_impact_controlling_t_sroi_transformationsmessung_methodenpapier_v1_0.pdf,TRANSFORMATION_MULTIPLIER,5,"e Wirkungen abgezogen, rote Linien geprüft und Datenqualität bewertet. Erst auf dieser Grundlage wird ein monetärer oder teilmonetärer Wirkungswert gebildet. Anschließend wird der Transformationsmultiplikator angewandt. Eine vereinfachte Arbeitsformel lautet: T-SROI = (geprüfte Netto-Wirkung × Transformationsmultiplikator × Resilienzfaktor × Datenqualitätsvertrauen) / Ressourceneinsatz. Diese Formel ist kein starres Gesetz. Sie beschreibt die L",CONTEXT_REVIEWED,EXISTING_HISTORICAL_COVER,Vorgeschaltete historische Einordnung verwirft alte Multiplikatorlogik und verweist auf den aktuellen Standard.
assets/downloads/23_woek_impact_controlling_t_sroi_transformationsmessung_methodenpapier_v1_0.pdf,https://github.com/sustynats/wirkungsoekonomie.de/releases/download/woek-public-assets-v2/assets__downloads__23_woek_impact_controlling_t_sroi_transformationsmessung_methodenpapier_v1_0.pdf,TRANSFORMATION_MULTIPLIER,5,dieser Grundlage wird ein monetärer oder teilmonetärer Wirkungswert gebildet. Anschließend wird der Transformationsmultiplikator angewandt. Eine vereinfachte Arbeitsformel lautet: T-SROI = (geprüfte Netto-Wirkung × Transformationsmultiplikator × Resilienzfaktor × Datenqualitätsvertrauen) / Ressourceneinsatz. Diese Formel ist kein starres Gesetz. Sie beschreibt die Logik. Je nach Anwendungsfeld können die Faktoren anders operationalisiert werden. Entscheidend ist: Ohne gepr,CONTEXT_REVIEWED,EXISTING_HISTORICAL_COVER,Vorgeschaltete historische Einordnung verwirft alte Multiplikatorlogik und verweist auf den aktuellen Standard.
assets/downloads/23_woek_impact_controlling_t_sroi_transformationsmessung_methodenpapier_v1_0.pdf,https://github.com/sustynats/wirkungsoekonomie.de/releases/download/woek-public-assets-v2/assets__downloads__23_woek_impact_controlling_t_sroi_transformationsmessung_methodenpapier_v1_0.pdf,TRANSFORMATION_MULTIPLIER,6,"t. Sie sind Teil der Berechnung. Schwere negative Wirkungen begrenzen oder verhindern einen positiven T-SROI. Damit schützt der T-SROI vor Wirkungs- Simulation und Impact-Washing. Transformationsmultiplikator Der Transformationsmultiplikator ist das Kernmerkmal des T-SROI. Er beschreibt, ob eine Maßnahme über ihre direkte Wirkung hinaus Systempfade verändert. Ein Projekt mit mäßiger direkter Wirkung kann hohen Transformationswert haben, wenn es",CONTEXT_REVIEWED,EXISTING_HISTORICAL_COVER,Vorgeschaltete historische Einordnung verwirft alte Multiplikatorlogik und verweist auf den aktuellen Standard.
assets/downloads/23_woek_impact_controlling_t_sroi_transformationsmessung_methodenpapier_v1_0.pdf,https://github.com/sustynats/wirkungsoekonomie.de/releases/download/woek-public-assets-v2/assets__downloads__23_woek_impact_controlling_t_sroi_transformationsmessung_methodenpapier_v1_0.pdf,TRANSFORMATION_MULTIPLIER,6,"Schwere negative Wirkungen begrenzen oder verhindern einen positiven T-SROI. Damit schützt der T-SROI vor Wirkungs- Simulation und Impact-Washing. Transformationsmultiplikator Der Transformationsmultiplikator ist das Kernmerkmal des T-SROI. Er beschreibt, ob eine Maßnahme über ihre direkte Wirkung hinaus Systempfade verändert. Ein Projekt mit mäßiger direkter Wirkung kann hohen Transformationswert haben, wenn es einen neuen Standard setzt. Umge",CONTEXT_REVIEWED,EXISTING_HISTORICAL_COVER,Vorgeschaltete historische Einordnung verwirft alte Multiplikatorlogik und verweist auf den aktuellen Standard.
assets/downloads/23_woek_impact_controlling_t_sroi_transformationsmessung_methodenpapier_v1_0.pdf,https://github.com/sustynats/wirkungsoekonomie.de/releases/download/woek-public-assets-v2/assets__downloads__23_woek_impact_controlling_t_sroi_transformationsmessung_methodenpapier_v1_0.pdf,TRANSFORMATION_MULTIPLIER,6,"enkung Verschiebt es Investitionsflüsse? 1,0 bis 2,0 Resilienz Reduziert es Systemrisiken und Reparaturkosten? 1,0 bis 1,8 rote Linien Gibt es nicht kompensierbare Negativwirkung? Multiplikator deckeln oder T-SROI verweigern Daten, Scorecards und Monetarisierung T-SROI braucht Daten, aber nicht jede Wirkung lässt sich seriös monetarisieren. Manche Wirkungen können in Euro ausgedrückt werden: vermiedene Energiekosten, CO2-Preise, Gesundheitskosten, Ausfallzeiten, Sanierungsersparnisse. Andere Wirkungen si",CONTEXT_REVIEWED,EXISTING_HISTORICAL_COVER,Vorgeschaltete historische Einordnung verwirft alte Multiplikatorlogik und verweist auf den aktuellen Standard.
assets/downloads/23_woek_impact_controlling_t_sroi_transformationsmessung_methodenpapier_v1_0.pdf,https://github.com/sustynats/wirkungsoekonomie.de/releases/download/woek-public-assets-v2/assets__downloads__23_woek_impact_controlling_t_sroi_transformationsmessung_methodenpapier_v1_0.pdf,TRANSFORMATION_MULTIPLIER,7,"ltslogik getroffen werden. Grenzen, Unsicherheit und Assurance T-SROI ist anspruchsvoll und anfällig für Überdehnung. Wer alles monetarisieren will, erzeugt Scheingenauigkeit. Wer Transformationsmultiplikatoren frei setzt, erzeugt Impact-Washing. Wer Unsicherheit verschweigt, verliert Vertrauen. Deshalb braucht T-SROI eine Qualitätssystematik: Annahmen offenlegen, Datenqualität bewerten, Gegenwirkungen prüfen, rote Linien beachten, externe Assu",CONTEXT_REVIEWED,EXISTING_HISTORICAL_COVER,Vorgeschaltete historische Einordnung verwirft alte Multiplikatorlogik und verweist auf den aktuellen Standard.
assets/downloads/23_woek_impact_controlling_t_sroi_transformationsmessung_methodenpapier_v1_1.pdf,https://github.com/sustynats/wirkungsoekonomie.de/releases/download/woek-public-assets-v2/23_woek_impact_controlling_t_sroi_transformationsmessung_methodenpapier_v1_1.pdf,TRANSFORMATION_MULTIPLIER,2,"e statistische Konfidenzgrenze. Dieses Dokument ist die aktuelle Rechenfassung für T-SROI. Frühere Darstellungen mit frei gesetzten Transformations-, Resilienz- oder Datenqualitätsmultiplikatoren sind keine aktuelle T-SROI-Rechnung. Transformation wird als eigener belegter Nutzenstrom erfasst; Datenqualität ist eine Prüfbedingung, kein Aufschlagsfaktor. Was vorher feststehen muss - Bewertungsgegenstand, Vergleichsfall und Entscheidung festlegen: Investition,",CONTEXT_REVIEWED,EXPLICIT_REJECTION_OF_OLD_MULTIPLIER,Die Stelle verwirft freie Multiplikatoren ausdrücklich und entspricht der aktuellen Rechenlogik.
assets/downloads/30_woek_finanzsystem_kapital_kapitalwirkung_statt_kapitalrendite_detailkonzept_v1_0 2.pdf,https://github.com/sustynats/wirkungsoekonomie.de/releases/download/woek-public-assets-v2/assets__downloads__30_woek_finanzsystem_kapital_kapitalwirkung_statt_kapitalrendite_detailkonzept_v1_0.2.pdf,TRANSFORMATION_MULTIPLIER,1,"llen und die Entwicklungsgeschichte zugänglich. Es ist kein aktueller fachlicher Maßstab und keine Grundlage für reale Entscheidungen. Was daran nicht mehr gilt Verweise auf einen Transformationsmultiplikator sind verworfen. Im aktuellen Rechenstandard ist transformative Wirkung ein separat belegter und diskontierter Nettonutzenstrom, kein Aufschlagsfaktor. Die aktuelle T-SROI-Rechnung verwendet keine freien Transformations-, Resilienz- oder Da",CONTEXT_REVIEWED,EXISTING_HISTORICAL_COVER,Vorgeschaltete historische Einordnung verwirft alte Multiplikatorlogik und verweist auf den aktuellen Standard.
assets/downloads/30_woek_finanzsystem_kapital_kapitalwirkung_statt_kapitalrendite_detailkonzept_v1_0 2.pdf,https://github.com/sustynats/wirkungsoekonomie.de/releases/download/woek-public-assets-v2/assets__downloads__30_woek_finanzsystem_kapital_kapitalwirkung_statt_kapitalrendite_detailkonzept_v1_0.2.pdf,TRANSFORMATION_MULTIPLIER,1,"nsmultiplikator sind verworfen. Im aktuellen Rechenstandard ist transformative Wirkung ein separat belegter und diskontierter Nettonutzenstrom, kein Aufschlagsfaktor. Die aktuelle T-SROI-Rechnung verwendet keine freien Transformations-, Resilienz- oder Datenqualitätsmultiplikatoren. Datenqualität, Unsicherheit und Resilienz werden dokumentiert, geprüft und in Sensitivitäten behandelt. Ein positiver Wert setzt eine abgegrenzte, kausal belegte Bilanz und ein offenes Schutz-Gate voraus. Wohin für den aktuellen S",CONTEXT_REVIEWED,EXISTING_HISTORICAL_COVER,Vorgeschaltete historische Einordnung verwirft alte Multiplikatorlogik und verweist auf den aktuellen Standard.
assets/downloads/30_woek_finanzsystem_kapital_kapitalwirkung_statt_kapitalrendite_detailkonzept_v1_0 2.pdf,https://github.com/sustynats/wirkungsoekonomie.de/releases/download/woek-public-assets-v2/assets__downloads__30_woek_finanzsystem_kapital_kapitalwirkung_statt_kapitalrendite_detailkonzept_v1_0.2.pdf,TRANSFORMATION_MULTIPLIER,4," Merit Order, rote Linien 5. Netto-Wirkung Welche positive Netto-Wirkung bleibt? NWI, Portfolio-Wirkungsindex 6. Transformation Verändert der Kapitalfluss Pfade oder nur Symptome? T-SROI, Transformationsmultiplikator 7. Rückkopplung Wie wirkt das Ergebnis auf Zins, Steuer, Förderung, Versicherung? WStG, Wirkungsfonds, Kreditkonditionen Daten, Indikatoren und Kapitalwirkungsindex Der Kapitalwirkungsindex ist kein isoliertes Rating, sondern eine Zu",CONTEXT_REVIEWED,EXISTING_HISTORICAL_COVER,Vorgeschaltete historische Einordnung verwirft alte Multiplikatorlogik und verweist auf den aktuellen Standard.
assets/downloads/31_woek_finanzsystem_kapital_wirkungsfonds_dacharchitektur_detailkonzept_v1_0 2.pdf,https://github.com/sustynats/wirkungsoekonomie.de/releases/download/woek-public-assets-v2/assets__downloads__31_woek_finanzsystem_kapital_wirkungsfonds_dacharchitektur_detailkonzept_v1_0.2.pdf,TRANSFORMATION_MULTIPLIER,1,"llen und die Entwicklungsgeschichte zugänglich. Es ist kein aktueller fachlicher Maßstab und keine Grundlage für reale Entscheidungen. Was daran nicht mehr gilt Verweise auf einen Transformationsmultiplikator sind verworfen. Im aktuellen Rechenstandard ist transformative Wirkung ein separat belegter und diskontierter Nettonutzenstrom, kein Aufschlagsfaktor. Die aktuelle T-SROI-Rechnung verwendet keine freien Transformations-, Resilienz- oder Da",CONTEXT_REVIEWED,EXISTING_HISTORICAL_COVER,Vorgeschaltete historische Einordnung verwirft alte Multiplikatorlogik und verweist auf den aktuellen Standard.
assets/downloads/31_woek_finanzsystem_kapital_wirkungsfonds_dacharchitektur_detailkonzept_v1_0 2.pdf,https://github.com/sustynats/wirkungsoekonomie.de/releases/download/woek-public-assets-v2/assets__downloads__31_woek_finanzsystem_kapital_wirkungsfonds_dacharchitektur_detailkonzept_v1_0.2.pdf,TRANSFORMATION_MULTIPLIER,1,"nsmultiplikator sind verworfen. Im aktuellen Rechenstandard ist transformative Wirkung ein separat belegter und diskontierter Nettonutzenstrom, kein Aufschlagsfaktor. Die aktuelle T-SROI-Rechnung verwendet keine freien Transformations-, Resilienz- oder Datenqualitätsmultiplikatoren. Datenqualität, Unsicherheit und Resilienz werden dokumentiert, geprüft und in Sensitivitäten behandelt. Ein positiver Wert setzt eine abgegrenzte, kausal belegte Bilanz und ein offenes Schutz-Gate voraus. Wohin für den aktuellen S",CONTEXT_REVIEWED,EXISTING_HISTORICAL_COVER,Vorgeschaltete historische Einordnung verwirft alte Multiplikatorlogik und verweist auf den aktuellen Standard.
assets/downloads/31_woek_finanzsystem_kapital_wirkungsfonds_dacharchitektur_detailkonzept_v1_0 2.pdf,https://github.com/sustynats/wirkungsoekonomie.de/releases/download/woek-public-assets-v2/assets__downloads__31_woek_finanzsystem_kapital_wirkungsfonds_dacharchitektur_detailkonzept_v1_0.2.pdf,TRANSFORMATION_MULTIPLIER,5,"logik. Der Simulator sollte nicht behaupten, exakte Wahrheit zu liefern. Er soll Wirkpfade transparent machen: Mittelzufluss, Wirkungsziel, Datenqualität, erwartete Netto-Wirkung, Transformationsmultiplikator, Rückfluss an Fonds oder Gesellschaft und Risikoabschlag. Parameter Beschreibung Beispiel Mittelzufluss Kapital, Steueranteil, Co-Investment oder Maluszahlung 10 Mio. Euro Wohnfonds Zielwirkung konkretes Wirkungsziel im MPD-Rahmen Warmmiet",CONTEXT_REVIEWED,EXISTING_HISTORICAL_COVER,Vorgeschaltete historische Einordnung verwirft alte Multiplikatorlogik und verweist auf den aktuellen Standard.
assets/downloads/35_woek_finanzsystem_kapital_steuer_abgabenarchitektur_kapital_detailkonzept_v1_0 2.pdf,https://github.com/sustynats/wirkungsoekonomie.de/releases/download/woek-public-assets-v2/assets__downloads__35_woek_finanzsystem_kapital_steuer_abgabenarchitektur_kapital_detailkonzept_v1_0.2.pdf,TRANSFORMATION_MULTIPLIER,4,"essungsgrundlagen angewendet wird. Er ersetzt nicht jede Steuerart, sondern ergänzt ihre Richtung. Steuerbereich Möglicher WÖk-Faktor Ziel der Rückkopplung Körperschaftsteuer NWI-/Transformationsfaktor Gewinne aus positiver Wirkung entlasten, Externalisierung verteuern Gewerbesteuer kommunaler Standortwirkungsfaktor lokale Resilienz, gute Arbeit und Infrastrukturwirkung belohnen Kapitalerträge Portfolio-Wirkungsfaktor Kapitalwirkung von ",CONTEXT_REVIEWED,DIFFERENT_FACTOR_CONTEXT,Die Stelle beschreibt einen vorgeschlagenen Steuerfaktor; daraus folgt noch keine falsche T-SROI-Formel.
assets/downloads/35_woek_finanzsystem_kapital_steuer_abgabenarchitektur_kapital_detailkonzept_v1_0.pdf,https://github.com/sustynats/wirkungsoekonomie.de/releases/download/woek-public-assets-v2/assets__downloads__35_woek_finanzsystem_kapital_steuer_abgabenarchitektur_kapital_detailkonzept_v1_0.pdf,TRANSFORMATION_MULTIPLIER,5,"essungsgrundlagen angewendet wird. Er ersetzt nicht jede Steuerart, sondern ergänzt ihre Richtung. Steuerbereich Möglicher WÖk-Faktor Ziel der Rückkopplung Körperschaftsteuer NWI-/Transformationsfaktor Gewinne aus positiver Wirkung entlasten, Externalisierung verteuern Gewerbesteuer kommunaler Standortwirkungsfaktor lokale Resilienz, gute Arbeit und Infrastrukturwirkung belohnen Kapitalerträge Portfolio-Wirkungsfaktor Kapitalwirkung von ",CONTEXT_REVIEWED,DIFFERENT_FACTOR_CONTEXT,Die Stelle beschreibt einen vorgeschlagenen Steuerfaktor; daraus folgt noch keine falsche T-SROI-Formel.
assets/downloads/arbeitspapier_folgencheck_wirkungspolitische_sprache_v0_1.pdf,https://github.com/sustynats/wirkungsoekonomie.de/releases/download/woek-public-assets-v2/assets__downloads__arbeitspapier_folgencheck_wirkungspolitische_sprache_v0_1.pdf,LANGUAGE_ACTIVE_INGREDIENT_LITERAL,19," Faktencheck bleibt notwendig, reicht aber nicht aus. Er schützt Wahrheit, aber nicht automatisch die Resonanzräume, in denen Wahrheit politisch wirksam werden muss. 2. Politische Sprache ist ein Wirkstoff. Sie verändert Wahrnehmung, Zugehörigkeit, Vertrauen, Angst und Handlungsschwellen, auch wenn sie keine eindeutig falsche Tatsachenbehauptung enthält.",CONTEXT_REVIEWED,ADDITIONAL_DATED_ERRATUM_20260906,Fundstelle durch das separate PDF-Erratum vom 6. September 2026 präzisiert. Historisches Original bleibt erhalten; keine vollständige Neubegutachtung des Werks.
assets/downloads/grundlagen/woems-2.0-referenzfassung.pdf,https://github.com/sustynats/wirkungsoekonomie.de/releases/download/woek-public-assets-v2/assets__downloads__grundlagen__woems-2.0-referenzfassung.pdf,TRANSFORMATION_MULTIPLIER,101,"ormational Social Return on Investment – Fortsetzung Visualisierungs- und Canvas-Spezifikation Formel- und Scorecarddarstellung: geprüfte Netto-Wirkung je Investition × begründete Transformationsfaktoren; separate Risikokorrektur. Qualitätskriterien  Empfänger, Systemgrenzen und Referenzrahmen sind eindeutig.  Empirische Befunde, Annahmen und normative Bewertungen bleiben unterscheidbar.  Ergebnis führt zu einer klaren nächsten Entsch",CONTEXT_REVIEWED,NEW_READING_EDITION_ADDENDUM,Aktualisierte WÖMS-Lesefassung präzisiert T-SROI als separat belegten Nettonutzenstrom.
assets/downloads/impact-controlling-einfach-erklaert.pdf,https://github.com/sustynats/wirkungsoekonomie.de/releases/download/woek-public-assets-v2/assets__downloads__impact-controlling-einfach-erklaert.pdf,TRANSFORMATION_MULTIPLIER,1,"undstellen und die Entwicklungsgeschichte zugänglich. Es ist kein aktueller fachlicher Maßstab und keine Grundlage für reale Entscheidungen. Was daran nicht mehr gilt Die gezeigte multiplikative T-SROI-Formel mit Transformations-, Resilienz- oder Datenqualitätsaufschlägen ist verworfen. Im T-SROI-Rechenstandard v1.1 ist transformative Wirkung ein separat belegter und diskontierter Nettonutzenstrom, kein Aufschlagsfaktor. Der aktuelle Rec",CONTEXT_REVIEWED,EXISTING_HISTORICAL_COVER,Vorgeschaltete historische Einordnung verwirft alte Multiplikatorlogik und verweist auf den aktuellen Standard.
assets/downloads/wirkungscontrolling_detailkonzept_dossier_v1_0.pdf,https://github.com/sustynats/wirkungsoekonomie.de/releases/download/woek-public-assets-v2/assets__downloads__wirkungscontrolling_detailkonzept_dossier_v1_0.pdf,TRANSFORMATION_MULTIPLIER,1,"Fundstellen und die Entwicklungsgeschichte zugänglich. Es ist kein aktueller fachlicher Maßstab und keine Grundlage für reale Entscheidungen. Was daran nicht mehr gilt Die frühere multiplikative T-SROI-Formel mit Transformations-, Resilienz- oder Datenqualitätsaufschlägen ist verworfen. Im T-SROI-Rechenstandard v1.1 ist transformative Wirkung ein separat belegter und diskontierter Nettonutzenstrom, kein Aufschlagsfaktor. Der aktuelle Rec",CONTEXT_REVIEWED,EXISTING_HISTORICAL_COVER,Vorgeschaltete historische Einordnung verwirft alte Multiplikatorlogik und verweist auf den aktuellen Standard.
assets/downloads/woek_gesamtstudie_wirkungsdilemmata_kooperation_sdgplus_v2_0.pdf,https://github.com/sustynats/wirkungsoekonomie.de/releases/download/woek-public-assets-v2/woek_gesamtstudie_wirkungsdilemmata_kooperation_sdgplus_v2_0.pdf,TRANSFORMATION_MULTIPLIER,17,"estitionen, die Wahlmöglichkeiten, Kompatibilität, Qualifikation und Skalierbarkeit schaffen, können einen höheren Transformationswert besitzen als isolierte Effizienzgewinne. Der T-SROI-Multiplikator muss deshalb Spillover und Standardisierung ebenso berücksichtigen wie Lock-in, Verdrängung und irreversible Festlegung. 27. Macht, Capture und asymmetrische Dilemmata Viele Modelle sozialer Dilemmata behandeln Akteure als ungefähr g",CONTEXT_REVIEWED,ADDITIONAL_DATED_ERRATUM_20260906,Fundstelle durch das separate PDF-Erratum vom 6. September 2026 präzisiert. Historisches Original bleibt erhalten; keine vollständige Neubegutachtung des Werks.
assets/downloads/woek_gesamtstudie_wirkungsdilemmata_kooperation_sdgplus_v2_0.pdf,https://github.com/sustynats/wirkungsoekonomie.de/releases/download/woek-public-assets-v2/woek_gesamtstudie_wirkungsdilemmata_kooperation_sdgplus_v2_0.pdf,TRANSFORMATION_MULTIPLIER,90,"WIRKUNGSÖKONOMIE · WIRKUNGSDILEMMATA, KOOPERATION UND SDG+ Natalie Weber · Gesamtstudie 2.0 · Seite 89 56. T-SROI: Integrität vor Multiplikation Der T-SROI misst Netto-Wirkung und Transformationswirkung. Gerade weil der Transformationsmultiplikator positive Effekte verstärken kann, ist ein Integritätsgate zwingend. Sonst multipliziert das Modell möglicherweise eine überhöhte",CONTEXT_REVIEWED,ADDITIONAL_DATED_ERRATUM_20260906,Fundstelle durch das separate PDF-Erratum vom 6. September 2026 präzisiert. Historisches Original bleibt erhalten; keine vollständige Neubegutachtung des Werks.
assets/downloads/woek_gesamtstudie_wirkungsdilemmata_kooperation_sdgplus_v2_0.pdf,https://github.com/sustynats/wirkungsoekonomie.de/releases/download/woek-public-assets-v2/woek_gesamtstudie_wirkungsdilemmata_kooperation_sdgplus_v2_0.pdf,TRANSFORMATION_MULTIPLIER,90,"OPERATION UND SDG+ Natalie Weber · Gesamtstudie 2.0 · Seite 89 56. T-SROI: Integrität vor Multiplikation Der T-SROI misst Netto-Wirkung und Transformationswirkung. Gerade weil der Transformationsmultiplikator positive Effekte verstärken kann, ist ein Integritätsgate zwingend. Sonst multipliziert das Modell möglicherweise eine überhöhte oder selektive Baseline. Eine erweiterte Struktur lautet: - _ = (( _ - _ - _ ) ) / T SROI roh W positiv W nega",CONTEXT_REVIEWED,ADDITIONAL_DATED_ERRATUM_20260906,Fundstelle durch das separate PDF-Erratum vom 6. September 2026 präzisiert. Historisches Original bleibt erhalten; keine vollständige Neubegutachtung des Werks.
assets/downloads/woek_grundlagenstudie_kooperative_wirkungsordnung_v0_1.pdf,https://github.com/sustynats/wirkungsoekonomie.de/releases/download/woek-public-assets-v2/woek_grundlagenstudie_kooperative_wirkungsordnung_v0_1.pdf,TRANSFORMATION_MULTIPLIER,9,"gation und Versionen WÖK-WUSTG-TL Technische Leitlinien zum Wirkungssteuergesetz WÖk-IDs, Benchmarks, Archetypen, Scorecards, Assurance und Datenanforderungen WÖK-TSROI Whitepaper T-SROI Netto-Wirkung, Transformationswirkung und systemischer Multiplikator WÖK-WIRKUNGSRAT Der Wirkungsrat – Institutionelle Verankerung Methodensicherung, Pluralität, Transparenz, Lobbyismusschutz und Evaluation WÖK-MANIFEST Manifest der Wirkungsökonomie Vier Grundprinzipien, darunter systemische Kooperati",CONTEXT_REVIEWED,ADDITIONAL_DATED_ERRATUM_20260906,Fundstelle durch das separate PDF-Erratum vom 6. September 2026 präzisiert. Historisches Original bleibt erhalten; keine vollständige Neubegutachtung des Werks.
assets/downloads/woek_grundlagenstudie_kooperative_wirkungsordnung_v0_1.pdf,https://github.com/sustynats/wirkungsoekonomie.de/releases/download/woek-public-assets-v2/woek_grundlagenstudie_kooperative_wirkungsordnung_v0_1.pdf,TRANSFORMATION_MULTIPLIER,54,"hend? 3. Integritätsgate: Liegt Manipulation oder unzulässige Auslassung vor? 4. Wirkungsgrenzengate: Wird eine rote Linie verletzt? Erst danach wird der FinalScore angewandt. 56. T-SROI: Integrität vor Multiplikation Der T-SROI misst Netto-Wirkung und Transformationswirkung. Gerade weil der Transformationsmultiplikator positive Effekte verstärken kann, ist ein Integritätsgate zwingend. Sonst multipliziert das Modell möglicherweise eine überhöhte",CONTEXT_REVIEWED,ADDITIONAL_DATED_ERRATUM_20260906,Fundstelle durch das separate PDF-Erratum vom 6. September 2026 präzisiert. Historisches Original bleibt erhalten; keine vollständige Neubegutachtung des Werks.
assets/downloads/woek_grundlagenstudie_kooperative_wirkungsordnung_v0_1.pdf,https://github.com/sustynats/wirkungsoekonomie.de/releases/download/woek-public-assets-v2/woek_grundlagenstudie_kooperative_wirkungsordnung_v0_1.pdf,TRANSFORMATION_MULTIPLIER,54,"ote Linie verletzt? Erst danach wird der FinalScore angewandt. 56. T-SROI: Integrität vor Multiplikation Der T-SROI misst Netto-Wirkung und Transformationswirkung. Gerade weil der Transformationsmultiplikator positive Effekte verstärken kann, ist ein Integritätsgate zwingend. Sonst multipliziert das Modell möglicherweise eine überhöhte oder selektive Baseline. Eine erweiterte Struktur lautet: - _ = (( _ - _ - _ ) ) / T SROI roh W positiv W nega",CONTEXT_REVIEWED,ADDITIONAL_DATED_ERRATUM_20260906,Fundstelle durch das separate PDF-Erratum vom 6. September 2026 präzisiert. Historisches Original bleibt erhalten; keine vollständige Neubegutachtung des Werks.
assets/downloads/woek_medien_oeffentlichkeit_konzeptpapier_v0_1 2.pdf,https://github.com/sustynats/wirkungsoekonomie.de/releases/download/woek-public-assets-v2/assets__downloads__woek_medien_oeffentlichkeit_konzeptpapier_v0_1.2.pdf,REACH_EFFECT_EQUATION,2,"lpunkt stellen. Entscheidend ist, dass alle Modelle den Wirkungsraum Öffentlichkeit als demokratische Infrastruktur anerkennen.  Wahrheit ist Infrastruktur, nicht bloß Meinung.  Reichweite ist Wirkungspotenzial, nicht automatisch Qualität.  Öffentliche Resonanzräume können Vertrauen stärken oder Spaltung vertiefen.",CONTEXT_REVIEWED,LEXICAL_FALSE_POSITIVE,"Der Treffer lautet Wirkungspotenzial, nicht Wirkung."
assets/downloads/woek_medien_oeffentlichkeit_konzeptpapier_v0_1.pdf,https://github.com/sustynats/wirkungsoekonomie.de/releases/download/woek-public-assets-v2/assets__downloads__woek_medien_oeffentlichkeit_konzeptpapier_v0_1.pdf,REACH_EFFECT_EQUATION,2,"lpunkt stellen. Entscheidend ist, dass alle Modelle den Wirkungsraum Öffentlichkeit als demokratische Infrastruktur anerkennen.  Wahrheit ist Infrastruktur, nicht bloß Meinung.  Reichweite ist Wirkungspotenzial, nicht automatisch Qualität.  Öffentliche Resonanzräume können Vertrauen stärken oder Spaltung vertiefen.",CONTEXT_REVIEWED,LEXICAL_FALSE_POSITIVE,"Der Treffer lautet Wirkungspotenzial, nicht Wirkung."
assets/downloads/woek_medien_oeffentlichkeit_wirkungsraeume_gestalten_hosting_v1_0.pdf,https://github.com/sustynats/wirkungsoekonomie.de/releases/download/woek-public-assets-v2/assets__downloads__woek_medien_oeffentlichkeit_wirkungsraeume_gestalten_hosting_v1_0.pdf,REACH_EFFECT_EQUATION,14,"det Wirkung, Wirkungspotenzial und Wirkungsbewertung. Positiv ist eine Wirkung dann, wenn sie Mensch, Planet und Demokratie im Referenzrahmen SDGs, Agenda 2030 und SDG+ stärkt. 2. Reichweite ist Wirkungskraft, nicht Wert Reichweite erhöht Verantwortung. Sie ist kein Qualitätsnachweis. Ein kleiner Raum kann hohe positive Netto-Wirkung haben; ein großer Raum kann Verlustleistung erzeugen. 3. Öffentlichkeit ist Rückkopplung Ein Format soll M",CONTEXT_REVIEWED,ADDITIONAL_DATED_ERRATUM_20260906,Fundstelle durch das separate PDF-Erratum vom 6. September 2026 präzisiert. Historisches Original bleibt erhalten; keine vollständige Neubegutachtung des Werks.
assets/pdf/die-neue-ordnung-des-wohlstands.pdf,https://github.com/sustynats/wirkungsoekonomie.de/releases/download/woek-public-assets-v2/assets__pdf__die-neue-ordnung-des-wohlstands.pdf,ID_INDICATOR_EQUATION,57,"ersicherungsdaten, Standortdaten, Governance-Daten, Kommunikationsdaten, Gesundheitsdaten, Bildungsdaten, Risikodaten und demokratierelevante ÖXentlichkeitsdaten [I-L-12][E-L- 3]. WÖk-IDs sind standardisierte Wirkungsindikatoren der Wirkungsökonomie. Sie ordnen messbare Wirkungsaspekte bestimmten Feldern, Branchen, Produkten, Tätigkeiten oder Systemdimensionen zu. Sie ermöglichen Scorecards, Vergleichbarkeit, Datenqualität, Prüfung und spätere Rückkopplung in St",CONTEXT_REVIEWED,NEW_READING_EDITION_ADDENDUM,"Neue ergänzte Buch-Lesefassung ordnet Registerlogik, Kennzahlen und historische Quellen ein; Originalzitate bleiben erhalten."
assets/pdf/die-neue-ordnung-des-wohlstands.pdf,https://github.com/sustynats/wirkungsoekonomie.de/releases/download/woek-public-assets-v2/assets__pdf__die-neue-ordnung-des-wohlstands.pdf,TRANSFORMATION_MULTIPLIER,235,"2-10] Weber, Natalie: Whitepaper T-SROI - Der neue Standard für Impact-Controlling in der Wirkungsökonomie, September 2025. Grundlage für Netto-Wirkung, Abzug negativer Wirkungen, Transformationsmultiplikator, Zeitwirkung, Resilienz und Datenqualität. Externe Quellen [E-12-1] Meadows, Donella H.: Thinking in Systems. A Primer, Chelsea Green Publishing, 2008; Meadows, Donella H.: Leverage Points: Places to Intervene in a System, Sustainability I",CONTEXT_REVIEWED,NEW_READING_EDITION_ADDENDUM,"Neue ergänzte Buch-Lesefassung ordnet Registerlogik, Kennzahlen und historische Quellen ein; Originalzitate bleiben erhalten."
assets/pdf/die-neue-ordnung-des-wohlstands.pdf,https://github.com/sustynats/wirkungsoekonomie.de/releases/download/woek-public-assets-v2/assets__pdf__die-neue-ordnung-des-wohlstands.pdf,TRANSFORMATION_MULTIPLIER,243,"ientierung. [I-13-9] Weber, Natalie: Whitepaper T-SROI - Der neue Standard für Impact-Controlling in der Wirkungsökonomie, September 2025. Grundlage für Netto-Wirkung, Reichweite, Transformationsmultiplikator, Zeitwirkung, Resilienz und Datenqualität. [I-13-10] Weber, Natalie: Technische Leitlinien zum Wirkungssteuergesetz (WUStG) - Vollversion Extended, August 2025; Weber, Natalie: WÖk Master Items ﬁnal v1.2, 2025. Grundlage für WÖk-IDs, Score",CONTEXT_REVIEWED,NEW_READING_EDITION_ADDENDUM,"Neue ergänzte Buch-Lesefassung ordnet Registerlogik, Kennzahlen und historische Quellen ein; Originalzitate bleiben erhalten."
assets/pdf/die-neue-ordnung-des-wohlstands.pdf,https://github.com/sustynats/wirkungsoekonomie.de/releases/download/woek-public-assets-v2/assets__pdf__die-neue-ordnung-des-wohlstands.pdf,TRANSFORMATION_MULTIPLIER,294," [I-K17-11] Weber, Natalie: Whitepaper T-SROI - Der neue Standard für Impact- Controlling in der Wirkungsökonomie, September 2025. Grundlage für Netto-Wirkung, negative Wirkungen, Transformationsmultiplikator, Zeitwirkung, Resilienz, Datenqualität und Kapitalbewertung. [I-K17-12] Weber, Natalie: Working-Paper Wirkungssteuergesetz (WStG). Mit Kommentaren und Begründungen, Stand 8. Oktober 2025. Grundlage für Wirkung als steuerliche Steuerungsgrö",CONTEXT_REVIEWED,NEW_READING_EDITION_ADDENDUM,"Neue ergänzte Buch-Lesefassung ordnet Registerlogik, Kennzahlen und historische Quellen ein; Originalzitate bleiben erhalten."
assets/pdf/die-neue-ordnung-des-wohlstands.pdf,https://github.com/sustynats/wirkungsoekonomie.de/releases/download/woek-public-assets-v2/assets__pdf__die-neue-ordnung-des-wohlstands.pdf,TRANSFORMATION_MULTIPLIER,318,"ät als Wirkungsfelder. [I-19-14] Weber, Natalie: Whitepaper T-SROI - Der neue Standard für Impact-Controlling in der Wirkungsökonomie, September 2025. Grundlage für Netto-Wirkung, Transformationsmultiplikator, Resilienz, Zeitwirkung und Datenqualität. [I-19-15] Weber, Natalie: Technische Leitlinien zum Wirkungssteuergesetz (WUStG) - Vollversion Extended, August 2025; Weber, Natalie: WÖk Master Items ﬁnal v1.2, 2025. Grundlage für WÖk-IDs, Score",CONTEXT_REVIEWED,NEW_READING_EDITION_ADDENDUM,"Neue ergänzte Buch-Lesefassung ordnet Registerlogik, Kennzahlen und historische Quellen ein; Originalzitate bleiben erhalten."
assets/pdf/die-neue-ordnung-des-wohlstands.pdf,https://github.com/sustynats/wirkungsoekonomie.de/releases/download/woek-public-assets-v2/assets__pdf__die-neue-ordnung-des-wohlstands.pdf,TRANSFORMATION_MULTIPLIER,326,"n. [I-K20-5] Weber, Natalie: Whitepaper T-SROI - Der neue Standard für Impact-Controlling in der Wirkungsökonomie, September 2025. Grundlage für Netto-Wirkung, negative Wirkungen, Transformationsmultiplikator, Zeitwirkung, Resilienz und Datenqualität. [I-K20-6] Weber, Natalie: Working-Paper Wohnungsmarkt: Bezahlbar, nachhaltig, gerecht, 2025. Grundlage für Wohnen als Wirkungsraum, energetische Sanierung, Gesundheit, Mietbelastung, Bodenlogik, K",CONTEXT_REVIEWED,NEW_READING_EDITION_ADDENDUM,"Neue ergänzte Buch-Lesefassung ordnet Registerlogik, Kennzahlen und historische Quellen ein; Originalzitate bleiben erhalten."
assets/pdf/die-neue-ordnung-des-wohlstands.pdf,https://github.com/sustynats/wirkungsoekonomie.de/releases/download/woek-public-assets-v2/assets__pdf__die-neue-ordnung-des-wohlstands.pdf,TRANSFORMATION_MULTIPLIER,337,"e. [I-21-14] Weber, Natalie: Whitepaper T-SROI - Der neue Standard für Impact-Controlling in der Wirkungsökonomie, September 2025. Grundlage für Netto-Wirkung, negative Wirkungen, Transformationsmultiplikator, Zeitwirkung, Resilienz und Datenqualität. [I-21-15] Weber, Natalie: Der Wirkungsrat - Institutionelle Verankerung der Wirkungsökonomie, September 2025. Grundlage für Wirkungsrat, Weiterentwicklung von WÖk-IDs, Benchmarks, Archetypen, Wirk",CONTEXT_REVIEWED,NEW_READING_EDITION_ADDENDUM,"Neue ergänzte Buch-Lesefassung ordnet Registerlogik, Kennzahlen und historische Quellen ein; Originalzitate bleiben erhalten."
assets/pdf/die-neue-ordnung-des-wohlstands.pdf,https://github.com/sustynats/wirkungsoekonomie.de/releases/download/woek-public-assets-v2/assets__pdf__die-neue-ordnung-des-wohlstands.pdf,TRANSFORMATION_MULTIPLIER,359,"g. [I-23-13] Weber, Natalie: Whitepaper T-SROI - Der neue Standard für Impact-Controlling in der Wirkungsökonomie, September 2025. Grundlage für Netto-Wirkung, negative Wirkungen, Transformationsmultiplikator, Zeitwirkung, Resilienz, Datenqualität und Kapitalbewertung. [I-23-14] Weber, Natalie: Working-Paper Wirkungssteuergesetz (WStG), Oktober 2025; Weber, Natalie: Systemmodell der Wirkungsökonomie, 2025. Grundlage für Staat als Wirkungsarchit",CONTEXT_REVIEWED,NEW_READING_EDITION_ADDENDUM,"Neue ergänzte Buch-Lesefassung ordnet Registerlogik, Kennzahlen und historische Quellen ein; Originalzitate bleiben erhalten."
assets/pdf/die-neue-ordnung-des-wohlstands.pdf,https://github.com/sustynats/wirkungsoekonomie.de/releases/download/woek-public-assets-v2/assets__pdf__die-neue-ordnung-des-wohlstands.pdf,ID_INDICATOR_EQUATION,429,"braucht empirische Daten, systemische Einordnung und normative Bewertung. Dieses Kapitel führt die Ordnungseinheit ein, mit der Wirkungsdaten adressierbar werden: die WÖk-ID. Eine WÖk-ID ist eine standardisierte KennziXer für einen Wirkungsindikator innerhalb der Wirkungsökonomie. Sie ist nicht der Score selbst, nicht die vollständige Bewertung und nicht die Scorecard. Sie ist der eindeutig adressierbare Indikator, aus dem spätere Bewertungen aufgebaut werden [I-K31-1][I-K31-3]. Ohne ",CONTEXT_REVIEWED,NEW_READING_EDITION_ADDENDUM,"Neue ergänzte Buch-Lesefassung ordnet Registerlogik, Kennzahlen und historische Quellen ein; Originalzitate bleiben erhalten."
assets/pdf/die-neue-ordnung-des-wohlstands.pdf,https://github.com/sustynats/wirkungsoekonomie.de/releases/download/woek-public-assets-v2/assets__pdf__die-neue-ordnung-des-wohlstands.pdf,ID_INDICATOR_EQUATION,430,"icherheit, Datenschutz, Gebäudeenergiebedarf, Stadtgrün, Steuertransparenz, algorithmische Prüfpﬂicht oder Lieferkettentransparenz adressieren [I-K31-3]. Die Beispiele zeigen: Die WÖk-ID ist nicht auf ökologische Indikatoren begrenzt. Sie ordnet Wirkung entlang der gesamten Trias Mensch, Planet und Demokratie. Ihre Funktion liegt in fünf Bereichen. Erstens standardisiert sie Sprache. Unterschiedliche Akteure können dieselbe Wirkungseinheit meinen. Zweitens e",CONTEXT_REVIEWED,NO_DIRECT_EQUATION_IN_CONTEXT,"Kontext behauptet keine Gleichsetzung von Kennung, Messwert und kausalem Nachweis."
assets/pdf/die-neue-ordnung-des-wohlstands.pdf,https://github.com/sustynats/wirkungsoekonomie.de/releases/download/woek-public-assets-v2/assets__pdf__die-neue-ordnung-des-wohlstands.pdf,TRANSFORMATION_MULTIPLIER,456,"formationswirkung. [I-K32-7] Weber, Natalie: Whitepaper T-SROI - Der neue Standard für Impact-Controlling in der Wirkungsökonomie, September 2025. Grundlage für die Abgrenzung des T-SROI als Kennzahl systemischer Transformationswirkung, für den Transformationsmultiplikator, systemische Breitenwirkung, Resilienz und die Unterscheidung zwischen operativer Netto-Wirkung und Transformationsleistung. [I-K32-8] Weber, Natalie: Die neue Ordnung des Wohlstands. Begründung und Grundlagen der Wirkungsökonomie, M",CONTEXT_REVIEWED,NEW_READING_EDITION_ADDENDUM,"Neue ergänzte Buch-Lesefassung ordnet Registerlogik, Kennzahlen und historische Quellen ein; Originalzitate bleiben erhalten."
assets/pdf/die-neue-ordnung-des-wohlstands.pdf,https://github.com/sustynats/wirkungsoekonomie.de/releases/download/woek-public-assets-v2/assets__pdf__die-neue-ordnung-des-wohlstands.pdf,TRANSFORMATION_MULTIPLIER,483,"rmational Social Return on Investment, 2025. Grundlage für die Abgrenzung von ROI, SROI, NWI und T-SROI, die Einordnung des NWI als Netto-Wirkungskennzahl sowie die Einordnung des T-SROI als Transformationskennzahl mit Multiplikator-, Hebel-, Resilienz- und Zeitlogik. [I-K34-2] Weber, Natalie: Systemmodell der Wirkungsökonomie, 2025. Grundlage für Kapitalwirkung, Unternehmenswirkung, Lieferkettenwirkung, Risikoindikatoren, Resilienzindikatoren, Innovationswirkun",CONTEXT_REVIEWED,NEW_READING_EDITION_ADDENDUM,"Neue ergänzte Buch-Lesefassung ordnet Registerlogik, Kennzahlen und historische Quellen ein; Originalzitate bleiben erhalten."
assets/pdf/die-neue-ordnung-des-wohlstands.pdf,https://github.com/sustynats/wirkungsoekonomie.de/releases/download/woek-public-assets-v2/assets__pdf__die-neue-ordnung-des-wohlstands.pdf,TRANSFORMATION_MULTIPLIER,483,"cards, Netto-Wirkung, Reverse Merit Order, Nichtkompensation und die methodische Abgrenzung zwischen Netto-Wirkung und Transformationswirkung. [I-K34-5] Weber, Natalie: Whitepaper T-SROI, Abschnitt zum Multiplikator M. Grundlage für systemische Breitenwirkung, Domino-EXekte, Skalierung, Standardsetzung und systemische Hebelwirkung.",CONTEXT_REVIEWED,NEW_READING_EDITION_ADDENDUM,"Neue ergänzte Buch-Lesefassung ordnet Registerlogik, Kennzahlen und historische Quellen ein; Originalzitate bleiben erhalten."
assets/pdf/die-neue-ordnung-des-wohlstands.pdf,https://github.com/sustynats/wirkungsoekonomie.de/releases/download/woek-public-assets-v2/assets__pdf__die-neue-ordnung-des-wohlstands.pdf,TRANSFORMATION_MULTIPLIER,559,"ergrund für Management-Scorecards verwendet. [I-K44-6] Weber, Natalie: Whitepaper T-SROI, 2025. Grundlage für T-SROI als Erweiterung von ROI und SROI, für die Trennung von NWI und T-SROI, für Transformationswirkung, systemische Hebelwirkung, Multiplikatorlogik und Nutzung in Unternehmen, Strategieentwicklung, Investitionsentscheidungen und Portfoliosteuerung. [I-K44-7] Weber, Natalie: Whitepaper T-SROI, 2025, Abschnitte zu Anwendung und Skalierung. Grundlage für T-SROI in Projektbewer",CONTEXT_REVIEWED,NEW_READING_EDITION_ADDENDUM,"Neue ergänzte Buch-Lesefassung ordnet Registerlogik, Kennzahlen und historische Quellen ein; Originalzitate bleiben erhalten."
assets/pdf/die-neue-ordnung-des-wohlstands.pdf,https://github.com/sustynats/wirkungsoekonomie.de/releases/download/woek-public-assets-v2/assets__pdf__die-neue-ordnung-des-wohlstands.pdf,TRANSFORMATION_MULTIPLIER,588,"wortung und algorithmische Fairness als Unternehmenswirkungsfelder. [I-K47-4] Weber, Natalie: Whitepaper T-SROI - Transformational Social Return on Investment, 2025. Grundlage für T-SROI als Instrument zur Erfassung von Transformationswirkung, systemischer Hebelwirkung, MultiplikatoreXekten und Transformationsfähigkeit von Investitionen oder Projekten auf Grundlage geprüfter Netto-Wirkung. [I-K47-5] Weber, Natalie: Systemmodell der Wirkungsökonomie, Abschnitt Übergangssysteme für Transformation. Grundlage für Tra",CONTEXT_REVIEWED,NEW_READING_EDITION_ADDENDUM,"Neue ergänzte Buch-Lesefassung ordnet Registerlogik, Kennzahlen und historische Quellen ein; Originalzitate bleiben erhalten."
assets/pdf/die-neue-ordnung-des-wohlstands.pdf,https://github.com/sustynats/wirkungsoekonomie.de/releases/download/woek-public-assets-v2/assets__pdf__die-neue-ordnung-des-wohlstands.pdf,TRANSFORMATION_MULTIPLIER,702," Controlling - Detailkonzept-Dossier, 2026. Grundlage für NWI, IOI und T-SROI als getrennte Kapital- und Investitionslogiken: Netto-Wirkung, positive Netto-Wirkung je Investition, Transformationsmultiplikator, Resilienz, systemische Breitenwirkung und Systemwirkung von Investitionen. [I-K59-6] Weber, Natalie: Wenn Maschinen arbeiten. Warum wir ein neues System brauchen, 2025. Grundlage für Automatisierungsdividende, gesellschaftliche Rückführun",CONTEXT_REVIEWED,NEW_READING_EDITION_ADDENDUM,"Neue ergänzte Buch-Lesefassung ordnet Registerlogik, Kennzahlen und historische Quellen ein; Originalzitate bleiben erhalten."
assets/pdf/die-neue-ordnung-des-wohlstands.pdf,https://github.com/sustynats/wirkungsoekonomie.de/releases/download/woek-public-assets-v2/assets__pdf__die-neue-ordnung-des-wohlstands.pdf,REACH_EFFECT_EQUATION,860,"t nicht, dass jede reichweitenstarke Person journalistisch arbeiten muss. Es bedeutet auch nicht, dass Creator:innen ihre Meinung staatlich genehmigen lassen müssten. Es bedeutet: Reichweite ist Wirkungskraft. Die Wirkungsökonomie fragt nicht zuerst, wer senden darf. Sie fragt, wer was verstärkt, mit welcher Macht, mit welchem Geschäftsmodell, welchen Daten, welcher Transparenz, welcher Korrekturfähigkeit und welcher Wirkung auf Mensch, P",CONTEXT_REVIEWED,NEW_READING_EDITION_ADDENDUM,"Die neue ergänzte Buch-Lesefassung trennt Reichweite, Resonanzpotenzial und tatsächliche Veränderung."
assets/pdf/die-neue-ordnung-des-wohlstands.pdf,https://github.com/sustynats/wirkungsoekonomie.de/releases/download/woek-public-assets-v2/assets__pdf__die-neue-ordnung-des-wohlstands.pdf,ID_INDICATOR_EQUATION,1248,"oder Institution entsteht. Der BegriX grenzt sich von Scheinleistung, Blindleistung und Verlustleistung ab. Wirkleistung ist das, was eine Gesellschaft wirklich trägt. WÖk-ID Eine WÖk-ID ist eine standardisierte KennziXer für einen Wirkungsindikator. Sie ordnet Wirkungsfelder eindeutig zu und ermöglicht Vergleichbarkeit, Datenarchitektur, Scorecards, DPP-Anbindung, Prüfstatus, Versionierung und Auditierbarkeit. Wohlstand als Systemzustand Wohlstand als Systemzustand bedeutet, dass Woh",CONTEXT_REVIEWED,NEW_READING_EDITION_ADDENDUM,"Neue ergänzte Buch-Lesefassung ordnet Registerlogik, Kennzahlen und historische Quellen ein; Originalzitate bleiben erhalten."
assets/pdf/whitepaper-wirkung-statt-kapital.pdf,https://github.com/sustynats/wirkungsoekonomie.de/releases/download/woek-public-assets-v2/assets__pdf__whitepaper-wirkung-statt-kapital.pdf,TRANSFORMATION_MULTIPLIER,14," fossilen Importen, gestärkte Demokratie durch Energiesouveränität). Im Unterschied zu bisherigen Ansätzen zieht der T-SROI negative Effekte konsequent ab und berücksichtigt einen Transformationsfaktor: Hat die Investition nur lokale Wirkung – oder verändert sie ganze Lieferketten, Branchen oder Märkte? Scorecards für Projekte Wie bei Produkten entstehen auch hier Scorecards, die Wirkung systematisch erfassen: • Klima (z. B. eingesparte ",CONTEXT_REVIEWED,ADDITIONAL_DATED_ERRATUM_20260906,Fundstelle durch das separate PDF-Erratum vom 6. September 2026 präzisiert. Historisches Original bleibt erhalten; keine vollständige Neubegutachtung des Werks.
assets/pdf/wirkungseinkommensteuergesetz-westg.pdf,https://github.com/sustynats/wirkungsoekonomie.de/releases/download/woek-public-assets-v2/assets__pdf__wirkungseinkommensteuergesetz-westg.pdf,ID_INDICATOR_EQUATION,14,"WÖk-ID E-SDG13-421 – „Entwicklung erneuerbarer Energieanlagen“ WÖk-ID S-SDG3-146 – „Pflege und soziale Betreuung“ WÖk-ID N-SDG8-331 – „Finanzspekulation / Hochfrequenzhandel“ Jede WÖk-ID ist an eine Scorecard gekoppelt, die anhand definierter Indikatoren (CO₂-Bilanz, Arbeitsbedingungen, Gemeinwohlbeitrag, Diskurswirkung etc.) bewertet wird. Die Scorecards orientieren sich an internationalen Standards: CSRD, ESRS, GRI, SDG und SDG+. Damit wird das Steuerrecht datenbasiert, transparent und",CONTEXT_REVIEWED,NO_DIRECT_EQUATION_IN_CONTEXT,"Kontext behauptet keine Gleichsetzung von Kennung, Messwert und kausalem Nachweis."
docs/gesetze/WStG_2.0_Wirkungssteuerrahmengesetz_Entwurf.pdf,https://github.com/sustynats/wirkungsoekonomie.de/releases/download/woek-public-assets-v2/docs__gesetze__WStG_2.0_Wirkungssteuerrahmengesetz_Entwurf.pdf,ID_INDICATOR_EQUATION,6,"s demokratische Stabilitaet, mediale Resonanzraeume und digitale Selbstbestimmung beruecksichtigen, ohne den Status der UN-SDGs falsch darzustellen. § 12 WÖk-ID Gesetzestext: Eine WÖk-ID ist eine eindeutige Kennung fuer einen Wirkungsindikator innerhalb der Wirkungsoekonomie. Kommentar: WÖk-IDs verbinden Indikatoren mit Referenzrahmen, Datenquellen, Bewertungslogik, Versionen und Zustaendigkeiten. 01.06.26, 08:37 WStG 2.0 - Wirkungssteuerrahmengesetz file:///var/folders/k0/8820g",CONTEXT_REVIEWED,ADDITIONAL_DATED_ERRATUM_20260906,Fundstelle durch das separate PDF-Erratum vom 6. September 2026 präzisiert. Historisches Original bleibt erhalten; keine vollständige Neubegutachtung des Werks.
docs/gesetze/WUStG_Technische_Leitlinien_v2.1_Entwurf.pdf,https://github.com/sustynats/wirkungsoekonomie.de/releases/download/woek-public-assets-v2/docs__gesetze__WUStG_Technische_Leitlinien_v2.1_Entwurf.pdf,ID_INDICATOR_EQUATION,4,"en um Demokratie, Medienqualität, Rechtsstaatlichkeit, Diskursfähigkeit, institutionelles Vertrauen, gesellschaftlichen Zusammenhalt und digitale Selbstbestimmung. 2.7 WÖk-ID Eine WÖk-ID ist eine eindeutige Kennung für einen Wirkungsindikator innerhalb der Wirkungsökonomie. 2.8 Score Ein Score ist die operative Einzelbewertung eines Indikators oder Wirkungsfelds auf der Skala -3 bis +3. 2.9 FinalScore Der FinalScore ist die verdichtete steuerungsrelevante Bewertung eines Produk",CONTEXT_REVIEWED,ADDITIONAL_DATED_ERRATUM_20260906,Fundstelle durch das separate PDF-Erratum vom 6. September 2026 präzisiert. Historisches Original bleibt erhalten; keine vollständige Neubegutachtung des Werks.
public/downloads/exports/glossar.pdf,https://github.com/sustynats/wirkungsoekonomie.de/releases/download/woek-public-assets-v2/public__downloads__exports__glossar.pdf,ID_INDICATOR_EQUATION,17,"WÖk-ID Eine WÖk-ID ist eine strukturierte Kennung für Wirkungsindikatoren, Wirkungsfelder oder Bewertungsitems. WÖk-IDs verbinden SDGs, SDG+, Targets, Indikatorfamilien, Datenquellen und Bewertungslogik in einem Register. WStG WStG steht für Wirkungssteuergesetz, den Rahmengesetz-Entwurf für steuerliche Wirkun",CONTEXT_REVIEWED,NO_DIRECT_EQUATION_IN_CONTEXT,"Kontext behauptet keine Gleichsetzung von Kennung, Messwert und kausalem Nachweis."
public/downloads/originals/NATS_WOeK_allgemein.pdf,https://github.com/sustynats/wirkungsoekonomie.de/releases/download/woek-public-assets-v2/public__downloads__originals__NATS_WOeK_allgemein.pdf,TRANSFORMATION_MULTIPLIER,35,"· 1,5 · 1,8 · 2,2 (ab Jahr 3 deutlich stärkere „Nachher“- Kurve). • Wirkungs-Korrekturen: Deadweight 15 %, Attribution 20 %, Displacement 5 %. • Erfolgswahrscheinlichkeit: 85 %. • Transformationsfaktor: +20 % (nachweisbare Systemänderung; z. B. Lieferkette auf Kreislauf umgestellt). • Diskontsatz: 5 %. • Zeithorizont: 5 Jahre. Vorher (rot, bei 2): Nach 10 Jahren wäre der Impact im klassischen Modell auf „2 Einheiten“ angewachsen. Das ent",CONTEXT_REVIEWED,ADDITIONAL_DATED_ERRATUM_20260906,Fundstelle durch das separate PDF-Erratum vom 6. September 2026 präzisiert. Historisches Original bleibt erhalten; keine vollständige Neubegutachtung des Werks.
public/downloads/originals/WOeK_Begriffsleitfaden_fuehrend_v1.0.pdf,https://github.com/sustynats/wirkungsoekonomie.de/releases/download/woek-public-assets-v2/public__downloads__originals__WOeK_Begriffsleitfaden_fuehrend_v1.0.pdf,ID_INDICATOR_EQUATION,6,"röße zur Beobachtung oder Bewertung von Wirkung. Abgrenzung: KPI misst klassische Leistung, Output oder Effizienz. KII misst Wirkung oder Wirkungsnähe. WÖk-ID Kurzdefinition: Eine WÖk-ID ist eine standardisierte Identifikationsnummer für einen Wirkungsindikator, ein Wirkungsfeld oder eine bewertbare Wirkungseinheit. Verwendung: WÖk-IDs verbinden Datenquellen, Standards, Benchmarks, Scorecards und Wirkungsbewertung. Wirkstoff Kurzdefinition: Wirkstoff ist eine didaktische Analogie für einen Auslös",CONTEXT_REVIEWED,NO_DIRECT_EQUATION_IN_CONTEXT,"Kontext behauptet keine Gleichsetzung von Kennung, Messwert und kausalem Nachweis."
public/downloads/originals/WOeK_Begriffsleitfaden_fuehrend_v1.1.pdf,https://github.com/sustynats/wirkungsoekonomie.de/releases/download/woek-public-assets-v2/WOeK_Begriffsleitfaden_fuehrend_v1.1.pdf,ID_INDICATOR_EQUATION,9,"Wirkung. Abgrenzung: KPI misst klassische Leistung, Output oder Effizienz. KII misst Wirkung oder Wirkungsnähe. WÖk-ID Kurzdefinition: Eine WÖk-ID ist eine standardisierte Identifikationsnummer für einen Wirkungsindikator, ein Wirkungsfeld oder eine bewertbare Wirkungseinheit. Verwendung: WÖk-IDs verbinden Datenquellen, Standards, Benchmarks, Scorecards und Wirkungsbewertung. Wirkstoff Kurzdefinition: Wirkstoff ist eine didaktische Analogie für einen Auslös",CONTEXT_REVIEWED,NO_DIRECT_EQUATION_IN_CONTEXT,"Kontext behauptet keine Gleichsetzung von Kennung, Messwert und kausalem Nachweis."
public/downloads/originals/WOeK_Begriffsleitfaden_fuehrend_v1.2.pdf,https://github.com/sustynats/wirkungsoekonomie.de/releases/download/woek-public-assets-v2/WOeK_Begriffsleitfaden_fuehrend_v1.2.pdf,ID_INDICATOR_EQUATION,11,"röße zur Beobachtung oder Bewertung von Wirkung. Abgrenzung: KPI misst klassische Leistung, Output oder Effizienz. KII misst Wirkung oder Wirkungsnähe. WÖk-ID Kurzdefinition: Eine WÖk-ID ist eine standardisierte Identifikationsnummer für einen Wirkungsindikator, ein Wirkungsfeld oder eine bewertbare Wirkungseinheit. Verwendung: WÖk-IDs verbinden Datenquellen, Standards, Benchmarks, Scorecards und Wirkungsbewertung. Wirkstoff Kurzdefinition: Wirkstoff ist eine didaktische Analogie für einen Auslös",CONTEXT_REVIEWED,NO_DIRECT_EQUATION_IN_CONTEXT,"Kontext behauptet keine Gleichsetzung von Kennung, Messwert und kausalem Nachweis."
public/downloads/originals/WOeK_Begriffsleitfaden_fuehrend_v1.3.pdf,https://github.com/sustynats/wirkungsoekonomie.de/releases/download/woek-public-assets-v2/WOeK_Begriffsleitfaden_fuehrend_v1.3.pdf,ID_INDICATOR_EQUATION,13,"röße zur Beobachtung oder Bewertung von Wirkung. Abgrenzung: KPI misst klassische Leistung, Output oder Effizienz. KII misst Wirkung oder Wirkungsnähe. WÖk-ID Kurzdefinition: Eine WÖk-ID ist eine standardisierte Identifikationsnummer für einen Wirkungsindikator, ein Wirkungsfeld oder eine bewertbare Wirkungseinheit. Verwendung: WÖk-IDs verbinden Datenquellen, Standards, Benchmarks, Scorecards und Wirkungsbewertung. Wirkstoff Kurzdefinition: Wirkstoff ist eine didaktische Analogie für einen Auslös",CONTEXT_REVIEWED,NO_DIRECT_EQUATION_IN_CONTEXT,"Kontext behauptet keine Gleichsetzung von Kennung, Messwert und kausalem Nachweis."
public/downloads/originals/WOeK_Begriffsleitfaden_fuehrend_v1.4.pdf,https://github.com/sustynats/wirkungsoekonomie.de/releases/download/woek-public-assets-v2/WOeK_Begriffsleitfaden_fuehrend_v1.4.pdf,ID_INDICATOR_EQUATION,16,"röße zur Beobachtung oder Bewertung von Wirkung. Abgrenzung: KPI misst klassische Leistung, Output oder Effizienz. KII misst Wirkung oder Wirkungsnähe. WÖk-ID Kurzdefinition: Eine WÖk-ID ist eine standardisierte Identifikationsnummer für einen Wirkungsindikator, ein Wirkungsfeld oder eine bewertbare Wirkungseinheit. Verwendung: WÖk-IDs verbinden Datenquellen, Standards, Benchmarks, Scorecards und Wirkungsbewertung. Wirkstoff Kurzdefinition: Wirkstoff ist eine didaktische Analogie für einen Auslös",CONTEXT_REVIEWED,NO_DIRECT_EQUATION_IN_CONTEXT,"Kontext behauptet keine Gleichsetzung von Kennung, Messwert und kausalem Nachweis."
public/downloads/originals/Whitepaper-T-SROI.pdf,https://github.com/sustynats/wirkungsoekonomie.de/releases/download/woek-public-assets-v2/public__downloads__originals__Whitepaper-T-SROI.pdf,TRANSFORMATION_MULTIPLIER,6,"her Der T-SROI integriert aktuelle regulatorische Anforderungen (CSRD, ESRS, EU- Taxonomie) und geht darüber hinaus – er ist anschlussfähig an künftige Standards. 3.5 Erweiterung: Multiplikator M für systemische Wirkung Die bisherige Formel des T-SROI erfasst die Netto-Wirkung eines Projekts: Dabei wird bislang implizit mit M = 1 gerechnet – also unterstellt, dass die Wirkung auf das Projekt selbst begrenzt bleibt. In der Realität entfalten viele Investitionen jedoch eine systemische He",CONTEXT_REVIEWED,ADDITIONAL_DATED_ERRATUM_20260906,Fundstelle durch das separate PDF-Erratum vom 6. September 2026 präzisiert. Historisches Original bleibt erhalten; keine vollständige Neubegutachtung des Werks.
public/downloads/originals/Whitepaper-T-SROI.pdf,https://github.com/sustynats/wirkungsoekonomie.de/releases/download/woek-public-assets-v2/public__downloads__originals__Whitepaper-T-SROI.pdf,TRANSFORMATION_MULTIPLIER,10,"© 2025 Natalie Weber. Stand 06.09.2025 10 4.4 Der systemische Mehrwert durch den Multiplikator M Ein Alleinstellungsmerkmal des T-SROI ist der Multiplikator M. Er macht sichtbar, ob eine Investition nur lokal wirkt (M = 1) oder ob sie ganze Lieferketten, Branchen oder Märkte transformiert (M > 1). • Lokale Wirkung (M = 1): Wirkung bleibt auf das Projekt beschränkt, z. B. ",CONTEXT_REVIEWED,ADDITIONAL_DATED_ERRATUM_20260906,Fundstelle durch das separate PDF-Erratum vom 6. September 2026 präzisiert. Historisches Original bleibt erhalten; keine vollständige Neubegutachtung des Werks.
public/downloads/originals/Wirkungsbasiertes_Value_Pricing_v1.2.pdf,https://github.com/sustynats/wirkungsoekonomie.de/releases/download/woek-public-assets-v2/Wirkungsbasiertes_Value_Pricing_v1.2.pdf,TRANSFORMATION_MULTIPLIER,14,"aktuelle T-SROI-Rechenstandard der Wirkungsökonomie ergänzt eine direkte IOI-Geldrechnung nur um separat belegte, monetarisierte Transformationsnutzenströme. Es gibt keinen freien Transformationsmultiplikator und keine Umrechnung von Profilpunkten in Geld (Wirkungsökonomie 2026c). 3.9 Faire Preisbildung Fairness ist nicht identisch mit Gleichpreisigkeit. Dieselbe Leistung kann für verschiedene Kunden unterschiedlich viel wert sein. Eine Differe",CONTEXT_REVIEWED,EXPLICIT_REJECTION_OF_OLD_MULTIPLIER,Die Stelle verwirft freie Multiplikatoren ausdrücklich und entspricht der aktuellen Rechenlogik.
public/downloads/originals/Wirkungsraeume_gestalten_Dossier_wirkungsorientiertes_Hosting.pdf,https://github.com/sustynats/wirkungsoekonomie.de/releases/download/woek-public-assets-v2/public__downloads__originals__Wirkungsraeume_gestalten_Dossier_wirkungsorientiertes_Hosting.pdf,REACH_EFFECT_EQUATION,14,"det Wirkung, Wirkungspotenzial und Wirkungsbewertung. Positiv ist eine Wirkung dann, wenn sie Mensch, Planet und Demokratie im Referenzrahmen SDGs, Agenda 2030 und SDG+ stärkt. 2. Reichweite ist Wirkungskraft, nicht Wert Reichweite erhöht Verantwortung. Sie ist kein Qualitätsnachweis. Ein kleiner Raum kann hohe positive Netto-Wirkung haben; ein großer Raum kann Verlustleistung erzeugen. 3. Öffentlichkeit ist Rückkopplung Ein Format soll M",CONTEXT_REVIEWED,ADDITIONAL_DATED_ERRATUM_20260906,Fundstelle durch das separate PDF-Erratum vom 6. September 2026 präzisiert. Historisches Original bleibt erhalten; keine vollständige Neubegutachtung des Werks.
